date;SO4;MP2.5;MP10;Tem_amb_med
2018-01-01;1.0;17.0;4.0;19.7
2018-01-02;1.0;17.0;2.0;19.6
2018-01-03;1.0;18.0;4.0;19.8
2018-01-04;1.0;15.0;4.0;19.7
2018-01-05;1.0;16.0;5.0;19.9
2018-01-06;1.0;13.0;4.0;20.0
2018-01-07;1.0;15.0;4.0;20.0
2018-01-08;1.0;15.0;2.0;20.1
2018-01-09;1.0;15.0;2.0;20.1
2018-01-10;1.0;12.0;1.0;20.0
2018-01-11;1.0;16.0;1.0;20.0
2018-01-12;1.0;16.0;3.0;20.0
2018-01-13;1.0;15.0;3.0;20.2
2018-01-14;1.0;11.0;2.0;20.3
2018-01-15;1.0;13.0;1.0;20.4
2018-01-16;1.0;14.0;2.0;20.4
2018-01-17;1.0;17.0;4.0;20.6
2018-01-18;1.0;15.0;3.0;20.5
2018-01-19;1.0;18.0;4.0;20.4
2018-01-20;1.0;13.0;2.0;20.4
2018-01-21;1.0;12.0;2.0;20.4
2018-01-22;1.0;13.0;2.0;20.4
2018-01-23;1.0;16.0;3.0;20.3
2018-01-24;1.0;17.0;3.0;20.4
2018-01-25;1.0;18.0;4.0;20.3
2018-01-26;1.0;18.0;5.0;20.4
2018-01-27;1.0;19.0;6.0;20.4
2018-01-28;1.0;17.0;5.0;20.4
2018-01-29;1.0;20.0;6.0;20.6
2018-01-30;1.0;17.0;3.0;20.5
2018-01-31;1.0;14.0;3.0;20.3
2018-02-01;1.0;18.0;5.0;20.5
2018-02-02;1.0;17.0;4.6;20.3
2018-02-03;1.0;15.0;4.0;20.3
2018-02-04;1.0;18.0;6.0;20.3
2018-02-05;1.0;17.0;4.0;20.4
2018-02-06;1.0;18.0;3.0;20.4
2018-02-07;1.0;16.0;4.0;20.2
2018-02-08;1.0;13.0;1.0;20.2
2018-02-09;1.0;19.0;0.0;20.2
2018-02-10;1.0;21.0;2.0;20.3
2018-02-11;1.0;23.0;7.0;20.3
2018-02-12;1.0;19.0;6.0;20.1
2018-02-13;1.0;26.0;6.0;20.2
2018-02-14;1.0;19.0;7.0;20.2
2018-02-15;1.0;26.1;9.0;20.3
2018-02-16;1.0;17.0;5.0;20.3
2018-02-17;1.0;14.8;4.0;20.1
2018-02-18;1.0;7.4;1.0;20.1
2018-02-19;1.0;9.0;0.0;20.1
2018-02-20;1.0;39.0;4.0;20.1
2018-02-21;1.0;34.0;3.0;20.1
2018-02-22;1.0;34.0;6.0;20.0
2018-02-23;1.0;33.0;6.0;20.0
2018-02-24;1.0;23.0;5.0;20.0
2018-02-25;1.0;15.0;3.0;20.0
2018-02-26;1.0;27.0;9.6;20.0
2018-02-27;1.0;32.0;12.6;19.9
2018-02-28;1.0;33.0;7.0;19.8
2018-03-01;1.0;25.0;4.0;19.6
2018-03-02;1.0;33.0;6.0;19.6
2018-03-03;1.0;28.0;5.0;19.6
2018-03-04;1.0;28.0;6.0;19.7
2018-03-05;1.0;48.0;8.0;19.7
2018-03-06;1.0;53.0;15.6;19.6
2018-03-07;1.0;49.0;12.0;19.6
2018-03-08;1.0;34.0;8.0;19.5
2018-03-09;1.0;41.0;9.0;19.4
2018-03-10;1.0;31.0;8.0;19.4
2018-03-11;1.0;29.0;7.0;19.3
2018-03-12;1.0;35.0;9.0;19.5
2018-03-13;1.0;42.0;10.0;19.4
2018-03-14;1.0;27.6;10.0;19.2
2018-03-15;1.0;38.0;8.0;19.1
2018-03-16;1.0;32.0;8.0;19.2
2018-03-17;1.0;28.0;7.0;19.1
2018-03-18;1.0;17.0;3.0;19.1
2018-03-19;1.0;21.0;4.0;19.1
2018-03-20;1.0;27.0;7.0;18.9
2018-03-21;1.0;28.0;6.0;19.0
2018-03-22;1.0;31.0;7.0;18.7
2018-03-23;1.0;42.0;11.0;18.7
2018-03-24;1.0;35.0;8.0;18.7
2018-03-25;1.0;35.0;8.0;18.7
2018-03-26;1.0;38.0;11.0;18.6
2018-03-27;1.0;27.0;10.0;18.8
2018-03-28;1.0;27.0;8.0;18.4
2018-03-29;1.0;29.0;11.0;18.4
2018-03-30;1.0;23.0;8.8;18.4
2018-03-31;1.0;26.0;9.2;18.3
2018-04-01;1.0;32.0;12.6;18.5
2018-04-02;1.0;33.0;10.0;18.4
2018-04-03;1.0;32.0;10.0;18.2
2018-04-04;1.0;31.0;7.0;17.9
2018-04-05;1.0;20.0;6.0;17.8
2018-04-06;1.0;27.0;9.0;17.8
2018-04-07;1.0;26.0;9.0;17.7
2018-04-08;1.0;21.0;6.0;17.6
2018-04-09;1.0;26.0;6.0;17.7
2018-04-10;1.0;19.0;4.0;17.6
2018-04-11;1.0;18.0;4.0;17.5
2018-04-12;1.0;17.0;4.0;17.4
2018-04-13;1.0;21.0;4.0;17.6
2018-04-14;1.0;17.0;4.0;17.5
2018-04-15;1.0;18.0;7.0;17.4
2018-04-16;1.0;17.0;7.0;17.2
2018-04-17;1.0;33.0;8.0;17.1
2018-04-18;1.0;42.0;15.0;17.2
2018-04-19;1.0;26.0;11.0;17.1
2018-04-20;1.0;32.0;11.0;16.9
2018-04-21;1.0;21.0;11.0;16.7
2018-04-22;1.0;26.0;11.0;16.8
2018-04-23;1.0;21.0;9.0;16.6
2018-04-24;1.0;30.0;11.0;16.9
2018-04-25;1.0;28.0;9.0;16.7
2018-04-26;1.0;24.0;9.0;16.3
2018-04-27;1.0;28.0;15.0;16.4
2018-04-28;1.0;26.0;12.0;16.3
2018-04-29;1.0;21.0;10.0;16.5
2018-04-30;1.0;19.0;6.7;16.3
2018-05-01;1.0;13.0;3.0;16.2
2018-05-02;1.0;18.0;5.0;16.1
2018-05-03;1.0;23.0;9.0;16.2
2018-05-04;1.0;35.0;14.0;16.2
2018-05-05;1.0;26.0;14.0;16.4
2018-05-06;1.0;28.0;10.0;16.3
2018-05-07;1.0;27.0;10.0;16.3
2018-05-08;1.0;16.0;5.0;16.0
2018-05-09;1.0;28.0;9.0;16.0
2018-05-10;1.0;29.0;4.0;15.9
2018-05-11;1.0;25.0;8.0;15.9
2018-05-12;1.0;23.0;9.0;16.0
2018-05-13;1.0;30.0;12.0;16.0
2018-05-14;1.0;29.0;11.0;16.1
2018-05-15;1.0;25.0;7.0;15.7
2018-05-16;1.0;25.0;8.0;15.8
2018-05-17;1.0;25.3;7.0;15.5
2018-05-18;1.0;26.0;8.0;15.6
2018-05-19;1.0;31.0;11.0;15.8
2018-05-20;1.0;36.0;15.0;15.6
2018-05-21;1.0;29.0;12.0;15.2
2018-05-22;1.0;37.0;14.0;15.2
2018-05-23;1.0;35.0;13.0;15.4
2018-05-24;1.0;36.0;15.0;15.3
2018-05-25;1.0;31.0;12.0;15.3
2018-05-26;1.0;34.0;15.0;15.3
2018-05-27;1.0;31.0;12.0;15.1
2018-05-28;1.0;26.0;10.0;15.1
2018-05-29;1.0;28.0;11.0;15.2
2018-05-30;1.0;27.0;9.0;15.1
2018-05-31;1.0;21.0;5.0;14.9
2018-06-01;1.08;24.0;7.0;14.8
2018-06-02;1.0;20.0;6.0;14.9
2018-06-03;1.0;27.0;7.0;14.8
2018-06-04;1.0;35.0;8.0;14.9
2018-06-05;1.0;35.0;9.0;14.7
2018-06-06;1.0;44.0;18.0;14.6
2018-06-07;1.03;39.0;15.0;14.7
2018-06-08;1.02;38.0;17.0;14.4
2018-06-09;1.01;32.0;15.0;14.3
2018-06-10;1.0;30.0;13.0;14.7
2018-06-11;1.01;27.0;6.0;14.7
2018-06-12;1.08;43.0;8.0;14.7
2018-06-13;1.0;43.0;16.2;14.6
2018-06-14;1.15;40.0;12.7;14.7
2018-06-15;1.38;48.0;19.0;14.6
2018-06-16;1.02;43.0;20.0;14.6
2018-06-17;1.09;36.0;15.0;14.6
2018-06-18;1.08;38.0;18.0;14.6
2018-06-19;1.0;30.0;9.5;14.3
2018-06-20;1.02;27.0;7.0;14.3
2018-06-21;1.0;29.0;10.0;14.1
2018-06-22;1.01;36.0;10.0;14.3
2018-06-23;1.0;60.0;16.0;14.4
2018-06-24;1.01;23.0;9.0;14.1
2018-06-25;1.29;27.0;9.0;14.4
2018-06-26;1.03;28.0;10.0;14.5
2018-06-27;1.0;27.0;12.0;14.1
2018-06-28;1.0;33.0;13.0;14.3
2018-06-29;1.0;30.0;17.0;14.2
2018-06-30;1.0;26.0;15.0;13.9
2018-07-01;1.0;31.0;15.0;14.0
2018-07-02;1.0;20.0;6.0;13.9
2018-07-03;1.0;21.0;10.0;14.0
2018-07-04;1.0;23.0;17.0;14.1
2018-07-05;1.0;23.0;14.0;14.0
2018-07-06;1.0;31.0;12.0;14.1
2018-07-07;1.01;29.0;11.0;14.0
2018-07-08;1.0;39.0;11.0;14.0
2018-07-09;1.02;31.0;11.0;14.0
2018-07-10;1.01;26.0;12.0;13.9
2018-07-11;1.14;29.0;11.0;13.9
2018-07-12;1.0;28.0;11.0;13.9
2018-07-13;1.02;27.0;13.0;13.9
2018-07-14;1.01;32.0;19.0;13.9
2018-07-15;1.2;29.0;19.0;13.8
2018-07-16;1.0;29.0;18.0;13.6
2018-07-17;1.0;25.0;9.0;13.7
2018-07-18;1.0;19.0;6.0;13.5
2018-07-19;1.0;23.0;8.0;13.7
2018-07-20;1.17;34.0;13.0;13.8
2018-07-21;1.05;47.0;17.0;13.9
2018-07-22;1.15;27.0;12.0;13.8
2018-07-23;1.19;35.0;15.0;13.6
2018-07-24;1.0;32.0;13.0;13.6
2018-07-25;1.0;26.0;11.0;13.7
2018-07-26;1.02;32.0;16.0;13.8
2018-07-27;1.07;25.0;11.0;13.7
2018-07-28;1.0;36.0;11.0;13.6
2018-07-29;1.12;28.0;12.0;13.7
2018-07-30;1.34;30.0;13.0;13.9
2018-07-31;1.04;29.0;11.0;13.7
2018-08-01;1.2;36.0;13.8;13.6
2018-08-02;1.02;23.0;7.0;13.6
2018-08-03;1.15;29.0;11.0;13.8
2018-08-04;1.25;30.0;14.0;13.9
2018-08-05;1.11;36.0;17.0;14.0
2018-08-06;1.06;33.0;13.0;14.1
2018-08-07;1.1;23.0;9.0;14.0
2018-08-08;1.11;34.0;17.0;14.1
2018-08-09;1.07;30.0;17.0;13.9
2018-08-10;1.04;25.0;14.0;14.1
2018-08-11;1.0;27.0;14.0;14.1
2018-08-12;1.04;20.0;8.0;14.1
2018-08-13;1.0;17.0;5.0;14.0
2018-08-14;1.03;30.0;11.0;14.0
2018-08-15;1.46;32.0;15.0;13.9
2018-08-16;1.18;32.0;13.0;14.2
2018-08-17;1.08;27.0;14.0;14.0
2018-08-18;1.17;21.0;7.8;14.0
2018-08-19;1.02;23.0;8.8;14.0
2018-08-20;1.1;31.0;9.7;13.9
2018-08-21;1.17;29.0;9.0;14.0
2018-08-22;1.01;24.0;8.0;14.1
2018-08-23;1.25;24.0;6.0;14.0
2018-08-24;1.14;38.0;13.2;14.1
2018-08-25;1.0;37.0;14.8;14.2
2018-08-26;1.01;24.0;8.7;14.2
2018-08-27;1.11;27.0;9.6;14.3
2018-08-28;1.21;22.0;9.0;14.3
2018-08-29;1.05;17.0;7.0;14.5
2018-08-30;1.17;16.0;7.0;14.5
2018-08-31;1.2;15.0;6.0;14.4
2018-09-01;1.24;17.0;7.0;14.3
2018-09-02;1.01;24.0;7.0;14.5
2018-09-03;1.03;27.0;11.0;14.4
2018-09-04;1.04;24.0;8.0;14.4
2018-09-05;1.0;24.0;8.0;14.4
2018-09-06;1.0;30.0;10.0;14.5
2018-09-07;1.02;30.0;12.0;14.5
2018-09-08;1.0;24.0;9.0;14.6
2018-09-09;1.0;18.0;7.0;14.5
2018-09-10;1.0;26.0;9.0;14.5
2018-09-11;1.04;22.0;8.0;14.4
2018-09-12;1.02;22.0;8.0;14.5
2018-09-13;1.0;21.0;6.0;14.5
2018-09-14;1.01;22.0;8.0;14.3
2018-09-15;1.0;27.0;10.0;14.5
2018-09-16;1.03;25.0;8.0;14.5
2018-09-17;1.0;19.0;8.0;14.6
2018-09-18;1.0;16.0;7.0;14.6
2018-09-19;1.0;13.0;6.0;14.7
2018-09-20;1.0;20.0;10.0;14.7
2018-09-21;1.0;20.0;9.0;15.0
2018-09-22;1.0;19.0;7.0;15.0
2018-09-23;1.0;17.0;5.0;15.0
2018-09-24;1.03;22.0;6.0;14.9
2018-09-25;1.0;26.0;11.0;14.9
2018-09-26;1.0;28.0;13.0;15.0
2018-09-27;1.0;25.051449953227316;8.680018850141376;15.1
2018-09-28;1.0;25.051449953227316;8.680018850141376;15.1
2018-09-29;1.0;25.051449953227316;8.680018850141376;15.0
2018-09-30;1.0;25.051449953227316;8.680018850141376;15.2
2018-10-01;1.0;25.051449953227316;8.680018850141376;15.0
2018-10-02;1.0;14.0;6.0;15.1
2018-10-03;1.02;23.0;7.0;15.2
2018-10-04;1.0;31.0;9.0;15.3
2018-10-05;1.0;27.0;7.0;15.2
2018-10-06;1.0;14.0;6.0;15.4
2018-10-07;1.01;12.0;6.0;15.3
2018-10-08;1.01;19.0;8.0;15.3
2018-10-09;1.0;20.0;7.0;15.4
2018-10-10;1.0;24.0;9.0;15.4
2018-10-11;1.0;22.0;7.0;15.3
2018-10-12;1.0;14.0;3.0;15.4
2018-10-13;1.0;14.0;3.0;15.6
2018-10-14;1.0;15.0;4.0;15.5
2018-10-15;1.0;17.0;4.0;15.5
2018-10-16;1.0;22.0;7.0;15.4
2018-10-17;1.0;21.0;4.0;15.5
2018-10-18;1.0;17.0;4.0;15.6
2018-10-19;1.01;22.0;3.0;15.6
2018-10-20;1.0;23.0;5.0;15.8
2018-10-21;1.01;12.0;3.0;15.7
2018-10-22;1.15;22.0;6.0;16.0
2018-10-23;1.0;22.0;6.0;15.9
2018-10-24;1.0;16.0;5.0;16.0
2018-10-25;1.01;21.0;5.0;15.9
2018-10-26;1.0;17.0;5.0;16.1
2018-10-27;1.01;10.0;3.0;16.2
2018-10-28;1.18;11.0;5.0;16.3
2018-10-29;1.18;14.0;5.0;16.3
2018-10-30;1.02;16.0;5.0;16.3
2018-10-31;1.02;11.0;3.0;16.3
2018-11-01;1.01;6.0;1.0;16.4
2018-11-02;1.03;12.0;3.0;16.4
2018-11-03;1.04;12.0;4.0;16.5
2018-11-04;1.1;10.0;4.0;16.5
2018-11-05;1.02;13.0;4.0;16.6
2018-11-06;1.03;17.0;4.6;16.6
2018-11-07;1.0;17.0;4.6;16.8
2018-11-08;1.01;18.0;6.0;16.9
2018-11-09;1.03;20.0;5.0;16.8
2018-11-10;1.12;24.0;7.0;16.8
2018-11-11;1.07;13.0;4.0;16.8
2018-11-12;1.06;16.0;4.0;16.9
2018-11-13;1.05;30.0;5.0;17.0
2018-11-14;1.01;29.0;7.0;16.9
2018-11-15;1.16;29.0;8.0;17.1
2018-11-16;1.03;22.0;7.0;16.9
2018-11-17;1.03;16.0;5.0;17.0
2018-11-18;1.0;12.0;4.0;17.1
2018-11-19;1.01;14.0;4.0;17.3
2018-11-20;1.0;18.0;5.0;17.4
2018-11-21;1.02;22.0;6.0;17.3
2018-11-22;1.11;13.0;5.0;17.5
2018-11-23;1.1;15.0;5.0;17.7
2018-11-24;1.14;12.0;4.0;17.6
2018-11-25;1.22;12.0;3.0;17.7
2018-11-26;1.14;19.0;6.0;17.8
2018-11-27;1.35;24.0;8.0;17.7
2018-11-28;1.1;22.0;6.0;17.7
2018-11-29;1.02;18.0;5.0;17.8
2018-11-30;1.0;14.0;5.0;17.9
2018-12-01;1.0;17.0;5.0;17.7
2018-12-02;1.2;11.0;4.0;18.2
2018-12-03;1.0;13.0;3.0;18.1
2018-12-04;1.0;11.0;2.0;18.2
2018-12-05;1.09;13.0;2.0;18.1
2018-12-06;1.26;15.0;2.0;18.1
2018-12-07;1.04;20.0;4.0;18.1
2018-12-08;1.03;20.0;5.0;18.2
2018-12-09;1.04;20.0;6.0;18.2
2018-12-10;1.04;20.0;6.0;18.3
2018-12-11;1.1;20.0;6.0;18.1
2018-12-12;1.19;22.0;7.0;18.3
2018-12-13;1.02;26.0;7.0;18.6
2018-12-14;1.01;27.0;7.0;18.5
2018-12-15;1.0;23.0;6.0;18.6
2018-12-16;1.01;21.0;7.0;18.5
2018-12-17;1.1;26.0;9.0;18.8
2018-12-18;1.01;18.0;7.0;18.8
2018-12-19;1.0;15.0;7.0;18.8
2018-12-20;1.02;18.0;5.0;19.1
2018-12-21;1.04;16.0;6.0;19.0
2018-12-22;1.02;20.0;7.0;19.0
2018-12-23;1.05;13.0;5.0;19.0
2018-12-24;1.01;12.0;4.0;19.0
2018-12-25;1.07;13.0;5.0;19.2
2018-12-26;1.01;14.0;4.0;19.3
2018-12-27;1.04;11.0;4.0;19.4
2018-12-28;1.0;11.0;3.0;19.4
2018-12-29;1.21;13.0;4.0;19.4
2018-12-30;1.03;13.0;5.0;19.6
2018-12-31;1.0;14.0;6.0;19.6
2019-01-01;1.03;20.0;8.0;19.7
2019-01-02;1.19;21.0;7.0;19.7
2019-01-03;1.04;19.0;7.0;19.8
2019-01-04;1.24;17.0;6.0;19.8
2019-01-05;1.08;22.0;7.0;20.0
2019-01-06;1.02;14.0;3.0;20.0
2019-01-07;1.1;17.0;5.0;20.0
2019-01-08;1.03;16.0;3.0;20.1
2019-01-09;1.03;12.0;4.0;20.1
2019-01-10;1.0;11.0;2.0;20.0
2019-01-11;1.0;14.0;2.0;20.0
2019-01-12;1.0;16.0;3.0;20.1
2019-01-13;1.0;11.0;2.0;20.2
2019-01-14;1.0;12.0;2.0;20.2
2019-01-15;1.0;12.0;3.0;20.4
2019-01-16;1.0;16.0;4.0;20.4
2019-01-17;1.0;15.0;4.0;20.5
2019-01-18;1.0;15.0;5.0;20.5
2019-01-19;1.0;20.0;5.0;20.4
2019-01-20;1.0;15.0;4.0;20.4
2019-01-21;1.0;16.0;5.0;20.4
2019-01-22;1.02;16.0;4.0;20.4
2019-01-23;1.04;17.0;3.0;20.3
2019-01-24;1.0;16.0;4.0;20.4
2019-01-25;1.0;22.0;4.0;20.3
2019-01-26;1.0;14.6;3.0;20.3
2019-01-27;1.0;5.0;3.0;20.3
2019-01-28;1.0;11.0;4.0;20.5
2019-01-29;1.0;18.0;5.0;20.6
2019-01-30;1.0;14.0;4.0;20.5
2019-01-31;1.0;21.0;4.0;20.4
2019-02-01;1.0;16.0;3.0;20.5
2019-02-02;1.0;12.0;3.0;20.3
2019-02-03;1.0;7.0;2.0;20.3
2019-02-04;1.0;12.0;2.0;20.4
2019-02-05;1.0;15.0;2.0;20.4
2019-02-06;1.0;17.0;4.0;20.5
2019-02-07;1.0;20.0;5.0;20.3
2019-02-08;1.0;19.0;6.0;20.2
2019-02-09;1.0;15.0;4.0;20.2
2019-02-10;1.02;8.0;3.0;20.3
2019-02-11;1.0;10.0;4.0;20.3
2019-02-12;1.0;17.0;4.0;20.1
2019-02-13;1.0;21.0;6.0;20.2
2019-02-14;1.0;15.0;4.0;20.2
2019-02-15;1.0;20.0;7.0;20.2
2019-02-16;1.0;14.0;5.0;20.2
2019-02-17;1.0;14.0;5.0;20.0
2019-02-18;1.0;13.0;5.0;20.1
2019-02-19;1.0;15.0;5.0;20.0
2019-02-20;1.0;14.8;4.0;20.1
2019-02-21;1.0;14.6;3.0;20.0
2019-02-22;1.0;14.8;4.0;20.0
2019-02-23;1.0;27.0;2.0;19.9
2019-02-24;1.0;27.0;3.0;20.0
2019-02-25;1.0;33.0;3.0;20.0
2019-02-26;1.0;32.0;2.0;20.0
2019-02-27;1.0;29.0;2.0;19.9
2019-02-28;1.0;33.0;4.0;19.8
2019-03-01;1.0;22.0;4.0;19.6
2019-03-02;1.0;16.0;5.0;19.5
2019-03-03;1.0;9.0;2.0;19.6
2019-03-04;1.0;17.0;3.0;19.7
2019-03-05;1.0;22.0;5.0;19.7
2019-03-06;1.0;27.0;6.0;19.6
2019-03-07;1.0;30.0;7.0;19.6
2019-03-08;1.0;30.0;7.0;19.4
2019-03-09;1.0;26.0;5.0;19.4
2019-03-10;1.0;20.0;5.0;19.4
2019-03-11;1.0;22.0;6.0;19.3
2019-03-12;1.0;27.0;6.0;19.5
2019-03-13;1.0;38.0;8.0;19.4
2019-03-14;1.0;33.0;6.0;19.2
2019-03-15;1.0;34.0;7.0;19.1
2019-03-16;1.0;44.0;7.0;19.2
2019-03-17;1.01;36.0;6.0;19.1
2019-03-18;1.0;38.0;6.0;19.1
2019-03-19;1.0;41.0;7.0;19.1
2019-03-20;1.0;47.0;8.0;18.9
2019-03-21;1.01;54.0;11.0;19.0
2019-03-22;1.02;55.0;17.5;18.7
2019-03-23;1.0;46.0;15.8;18.7
2019-03-24;1.0;41.0;15.1;18.8
2019-03-25;1.0;46.0;15.8;18.7
2019-03-26;1.03;52.0;12.0;18.6
2019-03-27;1.0;44.0;9.0;18.8
2019-03-28;1.0;46.0;10.0;18.5
2019-03-29;1.0;40.0;7.0;18.5
2019-03-30;1.0;37.0;6.0;18.4
2019-03-31;1.07;30.0;4.0;18.3
2019-04-01;1.0;13.0;4.0;18.5
2019-04-02;1.0;23.0;5.0;18.4
2019-04-03;1.03;41.0;8.0;18.3
2019-04-04;1.0;36.0;6.0;17.9
2019-04-05;1.0;29.0;8.0;17.8
2019-04-06;1.0;26.0;10.0;17.8
2019-04-07;1.0;22.0;8.0;17.7
2019-04-08;1.0;23.0;7.0;17.6
2019-04-09;1.0;22.0;7.0;17.7
2019-04-10;1.0;20.0;8.0;17.7
2019-04-11;1.0;27.0;8.0;17.5
2019-04-12;1.0;31.0;10.0;17.4
2019-04-13;1.0;34.0;11.0;17.6
2019-04-14;1.0;21.0;9.0;17.5
2019-04-15;1.0;35.0;11.0;17.3
2019-04-16;1.0;40.0;17.0;17.2
2019-04-17;1.0;40.0;16.0;17.1
2019-04-18;1.0;35.0;15.0;17.2
2019-04-19;1.0;19.0;11.0;17.1
2019-04-20;1.0;15.0;7.0;16.9
2019-04-21;1.0;15.0;7.0;16.7
2019-04-22;1.0;19.0;7.0;16.8
2019-04-23;1.0;26.0;6.0;16.7
2019-04-24;1.0;26.0;5.0;17.0
2019-04-25;1.0;30.0;7.0;16.8
2019-04-26;1.0;30.0;8.0;16.3
2019-04-27;1.0;18.0;8.0;16.4
2019-04-28;1.0;9.0;6.0;16.3
2019-04-29;1.0;24.0;8.0;16.5
2019-04-30;1.0;29.0;8.0;16.4
2019-05-01;1.01;28.0;11.0;16.3
2019-05-02;1.0;34.0;11.0;16.1
2019-05-03;1.0;36.0;13.0;16.3
2019-05-04;1.16;37.0;15.0;16.3
2019-05-05;1.0;23.0;9.0;16.4
2019-05-06;1.0;37.0;13.0;16.4
2019-05-07;1.0;28.0;8.0;16.3
2019-05-08;1.0;28.0;10.0;16.0
2019-05-09;1.0;34.0;8.0;16.0
2019-05-10;1.0;39.0;9.0;15.9
2019-05-11;1.0;45.0;11.0;16.0
2019-05-12;1.0;40.0;11.0;16.0
2019-05-13;1.0;51.0;19.0;16.1
2019-05-14;1.0;40.0;14.0;16.0
2019-05-15;1.0;43.0;13.0;15.7
2019-05-16;1.0;33.0;12.0;15.8
2019-05-17;1.0;27.0;10.0;15.5
2019-05-18;1.0;35.0;8.0;15.6
2019-05-19;1.0;38.0;13.0;15.8
2019-05-20;1.0;47.0;13.0;15.6
2019-05-21;1.0;37.0;12.0;15.2
2019-05-22;1.0;50.0;15.0;15.2
2019-05-23;1.0;53.0;15.0;15.3
2019-05-24;1.0;40.0;18.0;15.3
2019-05-25;1.0;32.0;13.0;15.3
2019-05-26;1.0;26.0;11.0;15.3
2019-05-27;1.04;57.0;16.0;15.2
2019-05-28;1.0;50.0;16.0;15.1
2019-05-29;1.01;43.0;15.0;15.2
2019-05-30;1.01;42.0;19.0;15.1
2019-05-31;1.0;33.0;12.0;14.9
2019-06-01;1.0;23.0;8.0;14.8
2019-06-02;1.0;38.0;10.0;15.0
2019-06-03;1.0;40.0;15.0;14.9
2019-06-04;1.0;47.0;20.0;15.0
2019-06-05;1.0;37.0;18.0;14.7
2019-06-06;1.0;42.0;16.0;14.6
2019-06-07;1.0;41.0;17.0;14.7
2019-06-08;1.0;49.0;20.0;14.4
2019-06-09;1.0;35.0;18.0;14.3
2019-06-10;1.0;38.0;18.0;14.7
2019-06-11;1.0;30.0;14.0;14.7
2019-06-12;1.0;29.0;14.0;14.7
2019-06-13;1.0;29.0;10.0;14.6
2019-06-14;1.0;30.0;10.0;14.7
2019-06-15;1.0;25.0;8.0;14.6
2019-06-16;1.0;28.0;9.0;14.6
2019-06-17;1.0;50.0;11.0;14.5
2019-06-18;1.0;58.0;13.0;14.6
2019-06-19;1.0;46.0;16.0;14.3
2019-06-20;1.0;36.0;12.0;14.3
2019-06-21;1.0;41.0;16.0;14.2
2019-06-22;1.0;31.0;13.0;14.3
2019-06-23;1.0;42.0;19.0;14.4
2019-06-24;1.0;40.0;25.0;14.1
2019-06-25;1.0;44.0;18.0;14.3
2019-06-26;1.0;31.0;13.0;14.4
2019-06-27;1.01;36.0;20.0;14.1
2019-06-28;1.0;37.0;23.0;14.3
2019-06-29;1.12;40.0;15.0;14.1
2019-06-30;1.01;19.0;6.0;13.9
2019-07-01;1.0;35.0;14.0;14.0
2019-07-02;1.0;28.0;12.0;13.9
2019-07-03;1.0;23.0;14.0;14.0
2019-07-04;1.0;29.0;19.0;14.2
2019-07-05;1.0;35.0;11.8;14.1
2019-07-06;1.0;38.0;13.2;14.1
2019-07-07;1.0;23.0;14.0;14.1
2019-07-08;1.0;28.0;14.0;14.0
2019-07-09;1.0;19.0;8.0;14.0
2019-07-10;1.01;23.0;9.0;13.9
2019-07-11;1.0;54.0;17.0;13.9
2019-07-12;1.0;45.0;20.0;13.9
2019-07-13;1.0;41.0;17.0;13.8
2019-07-14;1.0;38.0;17.0;13.8
2019-07-15;1.0;37.0;15.0;13.8
2019-07-16;1.01;45.0;22.0;13.6
2019-07-17;1.0;35.0;17.0;13.6
2019-07-18;1.0;33.0;15.0;13.5
2019-07-19;1.0;36.0;17.0;13.7
2019-07-20;1.0;43.0;21.0;13.9
2019-07-21;1.03;43.0;20.0;13.9
2019-07-22;1.0;33.0;15.0;13.8
2019-07-23;1.0;21.0;7.0;13.6
2019-07-24;1.0;22.0;7.0;13.6
2019-07-25;1.01;32.0;8.0;13.6
2019-07-26;1.0;44.0;12.0;13.7
2019-07-27;1.0;42.0;18.0;13.7
2019-07-28;1.0;34.0;18.0;13.6
2019-07-29;1.0;47.0;18.0;13.6
2019-07-30;1.0;51.0;22.0;13.8
2019-07-31;1.0;39.0;16.0;13.8
2019-08-01;1.0;35.0;14.0;13.6
2019-08-02;1.0;45.0;17.0;13.6
2019-08-03;1.0;56.0;19.0;13.8
2019-08-04;1.0;41.0;18.0;13.9
2019-08-05;1.0;44.0;16.0;13.9
2019-08-06;1.0;41.0;18.0;14.1
2019-08-07;1.0;32.0;14.0;13.9
2019-08-08;1.01;38.0;11.0;14.1
2019-08-09;1.0;40.0;12.0;13.9
2019-08-10;1.0;38.0;15.0;14.0
2019-08-11;1.0;28.0;14.0;14.1
2019-08-12;1.0;48.0;20.0;14.0
2019-08-13;1.0;54.0;23.0;14.0
2019-08-14;1.0;33.0;16.0;14.0
2019-08-15;1.0;28.0;17.0;13.9
2019-08-16;1.0;28.0;16.0;14.2
2019-08-17;1.0;23.0;12.0;14.0
2019-08-18;1.0;27.0;12.0;14.0
2019-08-19;1.0;28.0;12.0;14.0
2019-08-20;1.0;32.0;16.0;13.9
2019-08-21;1.0;33.0;18.0;14.0
2019-08-22;1.0;37.0;21.0;14.1
2019-08-23;1.0;32.0;18.0;14.0
2019-08-24;1.0;37.0;21.0;14.1
2019-08-25;1.0;32.0;16.0;14.2
2019-08-26;1.0;40.0;14.0;14.1
2019-08-27;1.0;45.0;20.0;14.4
2019-08-28;1.0;27.0;15.0;14.3
2019-08-29;1.0;26.0;11.0;14.5
2019-08-30;1.0;25.0;11.0;14.5
2019-08-31;1.0;26.0;11.0;14.4
2019-09-01;1.0;24.0;12.0;14.3
2019-09-02;1.0;29.0;13.0;14.4
2019-09-03;1.0;28.0;13.0;14.4
2019-09-04;1.0;35.0;17.0;14.4
2019-09-05;1.0;22.0;13.0;14.4
2019-09-06;1.0;17.0;12.0;14.5
2019-09-07;1.0;18.0;8.0;14.5
2019-09-08;1.0;13.0;5.0;14.6
2019-09-09;1.0;28.0;8.0;14.5
2019-09-10;1.0;24.0;6.0;14.5
2019-09-11;1.0;24.0;7.0;14.4
2019-09-12;1.0;29.0;7.0;14.5
2019-09-13;1.0;22.0;7.0;14.5
2019-09-14;1.0;18.0;8.0;14.4
2019-09-15;1.0;14.0;7.0;14.5
2019-09-16;1.0;18.0;8.0;14.5
2019-09-17;1.0;25.0;9.0;14.6
2019-09-18;1.0;19.0;8.0;14.6
2019-09-19;1.0;14.0;7.0;14.6
2019-09-20;1.0;19.0;7.0;14.7
2019-09-21;1.0;22.0;12.0;14.9
2019-09-22;1.0;28.0;11.0;14.9
2019-09-23;1.0;25.0;11.0;14.9
2019-09-24;1.0;18.0;10.0;14.9
2019-09-25;1.0;14.0;7.0;14.8
2019-09-26;1.0;16.0;10.0;15.0
2019-09-27;1.0;18.0;9.0;15.1
2019-09-28;1.0;11.0;7.0;15.1
2019-09-29;1.0;9.0;7.0;15.0
2019-09-30;1.0;13.0;7.0;15.3
2019-10-01;1.0;16.0;6.0;15.0
2019-10-02;1.0;25.0;7.0;15.0
2019-10-03;1.0;22.0;8.0;15.2
2019-10-04;1.0;25.0;11.0;15.2
2019-10-05;1.0;27.0;9.0;15.2
2019-10-06;1.0;26.0;11.0;15.4
2019-10-07;1.0;34.0;16.0;15.3
2019-10-08;1.0;36.0;18.0;15.3
2019-10-09;1.0;34.0;16.0;15.4
2019-10-10;1.0;20.0;11.0;15.4
2019-10-11;1.0;21.0;11.0;15.3
2019-10-12;1.0;18.0;9.0;15.4
2019-10-13;1.0;18.0;8.0;15.6
2019-10-14;1.01;16.0;7.0;15.6
2019-10-15;1.0;26.0;7.0;15.6
2019-10-16;1.0;18.0;6.0;15.4
2019-10-17;1.01;25.0;9.0;15.5
2019-10-18;1.0;20.0;7.0;15.6
2019-10-19;1.0;16.0;8.0;15.6
2019-10-20;1.0;26.0;14.0;15.8
2019-10-21;1.0;26.0;11.0;15.7
2019-10-22;1.0;21.0;10.0;16.0
2019-10-23;1.0;27.0;12.0;15.8
2019-10-24;1.01;23.0;12.0;15.9
2019-10-25;1.0;20.0;9.0;15.9
2019-10-26;1.0;17.0;9.0;16.1
2019-10-27;1.0;10.0;6.0;16.1
2019-10-28;1.0;20.0;12.0;16.2
2019-10-29;1.0;20.0;9.0;16.3
2019-10-30;1.0;25.0;8.0;16.3
2019-10-31;1.0;27.0;8.0;16.3
2019-11-01;1.0;23.0;8.0;16.4
2019-11-02;1.0;20.0;8.0;16.4
2019-11-03;1.0;20.0;8.0;16.5
2019-11-04;1.0;19.0;7.0;16.5
2019-11-05;1.0;18.0;7.0;16.5
2019-11-06;1.0;18.0;6.0;16.6
2019-11-07;1.0;14.0;6.0;16.7
2019-11-08;1.0;8.0;5.0;16.8
2019-11-09;1.0;11.0;4.0;16.8
2019-11-10;1.0;13.0;6.0;16.8
2019-11-11;1.0;16.0;9.0;16.9
2019-11-12;1.0;11.0;8.0;16.9
2019-11-13;1.0;14.0;9.0;17.0
2019-11-14;1.01;12.0;6.0;16.9
2019-11-15;1.0;16.0;5.0;17.1
2019-11-16;1.0;13.0;6.0;17.0
2019-11-17;1.01;13.0;6.0;17.0
2019-11-18;1.0;15.0;8.0;17.2
2019-11-19;1.0;27.0;12.0;17.3
2019-11-20;1.0;20.0;9.0;17.4
2019-11-21;1.0;23.0;12.0;17.3
2019-11-22;1.0;28.0;14.0;17.6
2019-11-23;1.0;17.0;8.0;17.7
2019-11-24;1.0;11.0;5.0;17.6
2019-11-25;1.0;18.0;8.0;17.7
2019-11-26;1.0;34.0;12.0;17.8
2019-11-27;1.0;37.0;17.0;17.6
2019-11-28;1.0;33.0;13.0;17.6
2019-11-29;1.0;33.0;13.0;17.8
2019-11-30;1.0;25.0;12.0;17.8
2019-12-01;1.06;26.0;14.0;17.7
2019-12-02;1.0;24.0;11.0;18.1
2019-12-03;1.0;19.0;11.0;18.1
2019-12-04;1.0;21.0;12.0;18.1
2019-12-05;1.0;20.0;10.0;18.0
2019-12-06;1.0;23.0;10.0;18.1
2019-12-07;1.0;19.0;10.0;18.1
2019-12-08;1.01;25.051449953227316;8.680018850141376;18.2
2019-12-09;1.02;13.0;7.0;18.2
2019-12-10;1.0;18.0;8.0;18.3
2019-12-11;1.0;14.0;6.0;18.1
2019-12-12;1.0;11.0;6.0;18.3
2019-12-13;1.0;12.0;7.0;18.6
2019-12-14;1.0;18.0;9.0;18.5
2019-12-15;1.0;15.0;8.0;18.6
2019-12-16;1.0;21.0;10.0;18.5
2019-12-17;1.0;21.0;11.0;18.8
2019-12-18;1.0;18.0;10.0;18.8
2019-12-19;1.0;18.0;9.0;18.8
2019-12-20;1.0;18.0;8.0;19.0
2019-12-21;1.0;17.0;8.0;18.9
2019-12-22;1.0;19.0;11.0;19.0
2019-12-23;1.0;19.0;11.0;19.0
2019-12-24;1.0;23.0;12.0;19.0
2019-12-25;1.0;16.0;10.0;19.2
2019-12-26;1.0;19.0;9.0;19.3
2019-12-27;1.0;22.0;10.0;19.4
2019-12-28;1.0;17.0;7.0;19.3
2019-12-29;1.0;12.0;7.0;19.4
2019-12-30;1.0;18.0;8.0;19.6
2019-12-31;1.03;16.0;8.0;19.7
2020-01-01;1.01;10.0;7.0;19.7
2020-01-02;1.07;18.0;8.0;19.6
2020-01-03;1.0;19.0;7.0;19.8
2020-01-04;1.0;17.0;6.0;19.7
2020-01-05;1.0;14.0;7.0;20.0
2020-01-06;1.01;23.0;7.0;20.1
2020-01-07;1.0;13.0;5.0;20.0
2020-01-08;1.0;20.0;8.0;20.1
2020-01-09;1.0;16.0;7.0;20.0
2020-01-10;1.0;20.0;6.0;20.0
2020-01-11;1.0;19.0;7.0;20.0
2020-01-12;1.0;15.0;7.0;20.0
2020-01-13;1.0;21.0;7.0;20.1
2020-01-14;1.0;22.0;7.0;20.2
2020-01-15;1.0;12.0;3.0;20.3
2020-01-16;1.0;17.0;6.0;20.4
2020-01-17;1.0;17.0;5.0;20.6
2020-01-18;1.0;24.0;7.0;20.5
2020-01-19;1.0;11.0;4.0;20.5
2020-01-20;1.0;18.0;6.0;20.5
2020-01-21;1.0;19.0;5.0;20.5
2020-01-22;1.0;18.0;5.0;20.4
2020-01-23;1.0;25.051449953227316;8.680018850141376;20.4
2020-01-24;1.0;25.051449953227316;8.680018850141376;20.5
2020-01-25;1.0;15.0;3.0;20.4
2020-01-26;1.0;13.0;6.0;20.4
2020-01-27;1.0;17.0;5.0;20.3
2020-01-28;1.0;14.0;5.0;20.5
2020-01-29;1.0;29.0;8.0;20.7
2020-01-30;1.0;20.0;8.0;20.6
2020-01-31;1.0;20.0;7.0;20.4
2020-02-01;1.0;18.0;5.0;20.5
2020-02-02;1.0;13.0;5.0;20.3
2020-02-03;1.0;11.0;4.0;20.3
2020-02-04;1.0;12.0;4.0;20.4
2020-02-05;1.0;16.0;5.0;20.4
2020-02-06;1.0;19.0;6.0;20.4
2020-02-07;1.0;17.0;6.0;20.3
2020-02-08;1.0;17.0;5.0;20.2
2020-02-09;1.0;12.0;5.0;20.2
2020-02-10;1.0;17.0;5.0;20.3
2020-02-11;1.0;22.0;7.0;20.3
2020-02-12;1.0;15.0;6.0;20.1
2020-02-13;1.0;18.0;4.0;20.2
2020-02-14;1.01;22.0;6.0;20.2
2020-02-15;1.0;24.0;9.0;20.2
2020-02-16;1.0;17.0;6.0;20.3
2020-02-17;1.01;19.0;5.0;20.1
2020-02-18;1.0;18.0;7.0;20.2
2020-02-19;1.0;16.0;6.0;20.1
2020-02-20;1.0;24.0;8.0;20.1
2020-02-21;1.0;24.0;8.0;20.1
2020-02-22;1.0;20.0;8.0;20.0
2020-02-23;1.0;17.0;7.0;20.0
2020-02-24;1.0;23.0;8.0;20.0
2020-02-25;1.05;17.0;6.0;20.0
2020-02-26;1.01;20.0;7.0;20.0
2020-02-27;1.02;25.0;8.0;20.0
2020-02-28;1.04;19.0;6.0;19.9
2020-02-29;1.01;17.0;6.0;19.3
2020-03-01;1.0;13.0;6.0;19.6
2020-03-02;1.0;16.0;6.0;19.6
2020-03-03;1.0;15.0;6.0;19.7
2020-03-04;1.01;14.0;4.0;19.8
2020-03-05;1.0;11.0;5.0;19.7
2020-03-06;1.0;25.051449953227316;8.680018850141376;19.7
2020-03-07;1.0;27.0;9.0;19.7
2020-03-08;1.01;27.0;9.0;19.6
2020-03-09;1.0;32.0;9.0;19.5
2020-03-10;1.0;21.0;6.0;19.5
2020-03-11;1.0;19.0;6.0;19.4
2020-03-12;1.0;17.0;6.0;19.5
2020-03-13;1.0;21.0;6.0;19.4
2020-03-14;1.0;14.0;6.0;19.2
2020-03-15;1.0;12.0;5.0;19.2
2020-03-16;1.0;27.0;8.0;19.2
2020-03-17;1.0;27.0;7.0;19.1
2020-03-18;1.0;15.0;5.0;19.1
2020-03-19;1.01;25.0;8.0;19.1
2020-03-20;1.0;18.0;6.0;18.9
2020-03-21;1.0;25.0;8.0;19.0
2020-03-22;1.0;19.0;7.0;18.7
2020-03-23;1.01;19.0;6.7;18.7
2020-03-24;1.0;24.0;8.7;18.8
2020-03-25;1.0;20.0;7.0;18.7
2020-03-26;1.0;14.0;5.4;18.6
2020-03-27;1.07;25.051449953227316;8.680018850141376;18.7
2020-03-28;1.0;14.8;4.0;18.4
2020-03-29;1.0;17.0;5.0;18.5
2020-03-30;1.01;25.3;7.0;18.4
2020-03-31;1.0;24.0;7.0;18.4
2020-04-01;1.0;16.0;5.0;18.5
2020-04-02;1.0;23.0;9.0;18.4
2020-04-03;1.0;38.0;11.0;18.2
2020-04-04;1.0;41.0;12.0;17.9
2020-04-05;1.0;45.0;14.0;17.9
2020-04-06;1.18;31.0;10.0;17.8
2020-04-07;1.24;24.0;9.0;17.8
2020-04-08;1.27;28.0;10.0;17.7
2020-04-09;1.12;22.0;8.0;17.7
2020-04-10;1.0;14.0;5.0;17.7
2020-04-11;1.01;20.0;7.0;17.5
2020-04-12;1.0;30.0;8.0;17.4
2020-04-13;1.02;27.0;9.0;17.6
2020-04-14;1.02;29.0;9.0;17.4
2020-04-15;1.23;28.0;8.0;17.3
2020-04-16;1.04;22.0;7.0;17.2
2020-04-17;1.03;25.0;8.0;17.2
2020-04-18;1.0;21.0;10.0;17.2
2020-04-19;1.0;23.0;11.0;17.1
2020-04-20;1.0;30.0;14.0;16.9
2020-04-21;1.06;28.0;13.0;16.7
2020-04-22;1.0;26.0;13.0;16.8
2020-04-23;1.0;19.0;8.0;16.7
2020-04-24;1.01;15.0;7.0;17.0
2020-04-25;1.04;20.0;8.0;16.8
2020-04-26;1.0;17.0;6.0;16.3
2020-04-27;1.0;18.0;5.0;16.5
2020-04-28;1.0;17.0;5.0;16.3
2020-04-29;1.0;19.0;8.0;16.6
2020-04-30;1.0;19.0;10.0;16.4
2020-05-01;1.0;10.0;6.0;16.3
2020-05-02;1.0;15.0;9.0;16.2
2020-05-03;1.0;15.0;7.0;16.3
2020-05-04;1.01;27.0;11.0;16.4
2020-05-05;1.0;32.0;12.0;16.5
2020-05-06;1.03;26.0;12.0;16.4
2020-05-07;1.0;28.0;17.0;16.4
2020-05-08;1.0;34.0;18.0;16.1
2020-05-09;1.0;28.0;16.0;16.0
2020-05-10;1.0;19.0;11.0;15.9
2020-05-11;1.01;23.0;12.0;16.0
2020-05-12;1.17;29.0;16.0;16.1
2020-05-13;1.01;27.0;9.0;16.1
2020-05-14;1.0;20.0;8.0;16.1
2020-05-15;1.0;25.0;12.0;15.7
2020-05-16;1.0;24.0;14.0;15.8
2020-05-17;1.0;21.0;10.0;15.7
2020-05-18;1.0;25.0;11.0;15.7
2020-05-19;1.0;23.0;11.0;15.8
2020-05-20;1.0;21.0;8.0;15.7
2020-05-21;1.01;18.0;7.0;15.2
2020-05-22;1.0;35.0;7.0;15.2
2020-05-23;1.0;23.0;10.0;15.3
2020-05-24;1.0;30.0;16.0;15.3
2020-05-25;1.0;24.0;14.0;15.3
2020-05-26;1.0;21.0;11.0;15.3
2020-05-27;1.0;20.0;10.0;15.2
2020-05-28;1.0;19.0;8.0;15.1
2020-05-29;1.0;23.0;7.0;15.3
2020-05-30;1.0;42.0;10.0;15.2
2020-05-31;1.0;23.0;6.0;15.0
2020-06-01;1.0;23.0;6.0;14.8
2020-06-02;1.0;15.0;6.0;15.0
2020-06-03;1.0;13.0;4.0;14.9
2020-06-04;1.0;31.0;5.0;15.0
2020-06-05;1.03;64.0;12.0;14.8
2020-06-06;1.03;54.0;11.0;14.6
2020-06-07;1.01;30.0;9.0;14.7
2020-06-08;1.0;37.0;12.0;14.4
2020-06-09;1.0;37.0;17.0;14.3
2020-06-10;1.0;39.0;17.0;14.7
2020-06-11;1.0;31.0;12.0;14.7
2020-06-12;1.0;24.0;9.0;14.7
2020-06-13;1.0;28.0;11.0;14.6
2020-06-14;1.0;27.0;14.0;14.7
2020-06-15;1.0;28.0;11.0;14.6
2020-06-16;1.0;20.0;9.0;14.6
2020-06-17;1.0;25.051449953227316;8.680018850141376;14.6
2020-06-18;1.0;35.0;9.0;14.6
2020-06-19;1.0;39.0;11.0;14.3
2020-06-20;1.0;29.0;12.0;14.4
2020-06-21;1.0;26.0;11.0;14.1
2020-06-22;1.0;27.0;8.0;14.3
2020-06-23;1.01;29.0;11.0;14.4
2020-06-24;1.0;32.0;11.0;14.1
2020-06-25;1.0;29.0;9.0;14.4
2020-06-26;1.0;26.0;11.0;14.4
2020-06-27;1.0;26.0;9.0;14.1
2020-06-28;1.0;27.0;12.0;14.3
2020-06-29;1.0;27.0;11.0;14.1
2020-06-30;1.03;25.0;7.0;13.9
2020-07-01;1.0;31.0;9.0;14.0
2020-07-02;1.0;35.0;15.0;13.9
2020-07-03;1.0;32.0;18.0;14.0
2020-07-04;1.0;32.0;14.0;14.2
2020-07-05;1.0;23.0;8.0;14.1
2020-07-06;1.03;28.0;13.0;14.1
2020-07-07;1.0;21.0;6.0;14.1
2020-07-08;1.0;40.0;9.0;14.0
2020-07-09;1.0;33.0;10.0;14.0
2020-07-10;1.0;29.0;13.0;14.0
2020-07-11;1.0;28.0;13.0;13.9
2020-07-12;1.0;31.0;13.0;13.9
2020-07-13;1.0;38.0;18.0;13.9
2020-07-14;1.0;36.0;18.0;13.8
2020-07-15;1.05;38.0;17.0;13.7
2020-07-16;1.0;18.0;7.0;13.6
2020-07-17;1.0;21.0;12.0;13.7
2020-07-18;1.0;13.0;8.0;13.5
2020-07-19;1.0;15.0;6.0;13.7
2020-07-20;1.0;19.0;6.0;13.9
2020-07-21;1.0;17.0;5.0;14.0
2020-07-22;1.0;16.0;4.0;13.8
2020-07-23;1.0;17.0;4.0;13.6
2020-07-24;1.0;45.0;6.0;13.6
2020-07-25;1.01;58.0;14.0;13.6
2020-07-26;1.0;36.0;13.0;13.7
2020-07-27;1.0;34.0;14.0;13.7
2020-07-28;1.02;37.0;16.0;13.6
2020-07-29;1.0;39.0;21.0;13.6
2020-07-30;1.0;38.0;18.0;13.8
2020-07-31;1.0;34.0;15.0;13.8
2020-08-01;1.0;29.0;18.0;13.6
2020-08-02;1.0;22.0;12.0;13.6
2020-08-03;1.0;24.0;10.0;13.8
2020-08-04;1.0;26.0;13.0;13.9
2020-08-05;1.0;19.0;9.0;13.9
2020-08-06;1.0;17.0;7.0;14.1
2020-08-07;1.0;33.0;12.0;14.0
2020-08-08;1.0;31.0;11.0;14.1
2020-08-09;1.0;23.0;12.0;13.9
2020-08-10;1.0;20.0;9.0;14.0
2020-08-11;1.0;25.0;11.0;14.1
2020-08-12;1.0;24.0;9.0;14.0
2020-08-13;1.0;28.0;8.0;14.0
2020-08-14;1.0;28.0;8.0;14.0
2020-08-15;1.0;23.0;6.0;13.9
2020-08-16;1.0;16.0;7.0;14.1
2020-08-17;1.0;20.0;7.0;14.0
2020-08-18;1.0;20.0;7.0;14.0
2020-08-19;1.0;26.0;8.0;13.9
2020-08-20;1.0;33.0;8.0;13.9
2020-08-21;1.0;31.0;10.0;13.9
2020-08-22;1.0;29.0;15.0;14.1
2020-08-23;1.0;21.0;11.0;14.0
2020-08-24;1.0;13.0;5.0;14.1
2020-08-25;1.0;21.0;5.0;14.2
2020-08-26;1.0;34.0;7.0;14.1
2020-08-27;1.0;31.0;7.0;14.4
2020-08-28;1.0;24.0;6.0;14.3
2020-08-29;1.0;18.0;6.0;14.4
2020-08-30;1.0;18.0;6.0;14.5
2020-08-31;1.0;30.0;9.0;14.4
2020-09-01;1.0;23.0;6.0;14.3
2020-09-02;1.0;23.0;7.0;14.4
2020-09-03;1.0;23.0;8.0;14.4
2020-09-04;1.0;24.0;10.0;14.4
2020-09-05;1.0;23.0;10.0;14.3
2020-09-06;1.0;16.0;8.0;14.5
2020-09-07;1.01;21.0;7.0;14.5
2020-09-08;1.0;21.0;6.0;14.5
2020-09-09;1.0;26.0;6.0;14.4
2020-09-10;1.0;21.0;8.0;14.4
2020-09-11;1.0;15.0;5.0;14.4
2020-09-12;1.0;21.0;9.0;14.5
2020-09-13;1.0;18.0;6.0;14.5
2020-09-14;1.01;16.0;7.0;14.4
2020-09-15;1.0;16.0;8.0;14.5
2020-09-16;1.0;17.0;7.0;14.5
2020-09-17;1.0;24.0;8.0;14.5
2020-09-18;1.0;19.0;12.0;14.6
2020-09-19;1.0;18.0;12.0;14.6
2020-09-20;1.0;20.0;12.0;14.7
2020-09-21;1.0;17.0;7.0;14.9
2020-09-22;1.0;14.0;7.0;14.9
2020-09-23;1.04;15.0;8.0;14.9
2020-09-24;1.0;21.0;9.0;14.9
2020-09-25;1.0;19.0;8.0;14.8
2020-09-26;1.0;16.0;6.0;15.0
2020-09-27;1.0;17.0;4.0;15.1
2020-09-28;1.0;18.0;6.0;15.1
2020-09-29;1.0;16.0;8.0;15.1
2020-09-30;1.0;14.0;6.0;15.2
2020-10-01;1.0;14.0;6.0;15.0
2020-10-02;1.0;11.0;2.0;15.0
2020-10-03;1.0;16.0;4.0;15.1
2020-10-04;1.0;24.0;7.0;15.1
2020-10-05;1.0;22.0;7.0;15.1
2020-10-06;1.0;17.0;6.0;15.3
2020-10-07;1.0;18.0;7.0;15.3
2020-10-08;1.0;16.0;8.0;15.3
2020-10-09;1.0;24.0;9.0;15.4
2020-10-10;1.0;21.0;10.0;15.5
2020-10-11;1.0;14.0;7.0;15.4
2020-10-12;1.0;13.0;7.0;15.4
2020-10-13;1.0;16.0;8.0;15.6
2020-10-14;1.0;17.0;7.0;15.6
2020-10-15;1.0;14.0;5.0;15.6
2020-10-16;1.0;17.0;6.0;15.4
2020-10-17;1.0;12.0;4.0;15.4
2020-10-18;1.0;2.0;1.0;15.5
2020-10-19;1.0;4.0;3.0;15.6
2020-10-20;1.0;13.0;5.0;15.8
2020-10-21;1.0;14.0;6.0;15.7
2020-10-22;1.0;7.0;5.0;15.9
2020-10-23;1.0;1.0;1.0;15.8
2020-10-24;1.0;0.0;2.0;15.9
2020-10-25;1.0;0.0;1.0;15.9
2020-10-26;1.02;13.0;6.0;16.1
2020-10-27;1.0;12.0;3.0;16.1
2020-10-28;1.09;10.0;5.0;16.2
2020-10-29;1.02;11.0;5.0;16.3
2020-10-30;1.0;16.0;5.0;16.3
2020-10-31;1.0;16.0;6.0;16.3
2020-11-01;1.0;15.0;6.0;16.3
2020-11-02;1.0;14.0;6.0;16.4
2020-11-03;1.0;11.0;5.0;16.5
2020-11-04;1.0;10.0;3.0;16.5
2020-11-05;1.0;12.0;3.0;16.5
2020-11-06;1.0;12.0;4.0;16.6
2020-11-07;1.0;7.0;4.0;16.7
2020-11-08;1.0;5.0;3.0;16.9
2020-11-09;1.0;7.0;3.0;16.8
2020-11-10;1.0;7.0;1.0;16.8
2020-11-11;1.01;9.0;4.0;16.9
2020-11-12;1.0;6.0;3.0;16.9
2020-11-13;1.0;8.0;2.0;17.0
2020-11-14;1.0;7.0;2.0;16.9
2020-11-15;1.0;6.0;2.0;17.1
2020-11-16;1.0;13.0;4.0;17.0
2020-11-17;1.0;16.0;4.0;17.0
2020-11-18;1.0;18.0;3.0;17.1
2020-11-19;1.0;11.0;0.0;17.3
2020-11-20;1.0;14.0;2.0;17.4
2020-11-21;1.0;12.0;3.0;17.3
2020-11-22;1.0;11.0;3.0;17.6
2020-11-23;1.0;12.0;3.0;17.7
2020-11-24;1.0;8.0;3.0;17.6
2020-11-25;1.0;9.0;3.0;17.6
2020-11-26;1.01;17.0;4.0;17.8
2020-11-27;1.0;19.0;5.0;17.6
2020-11-28;1.0;25.0;7.0;17.6
2020-11-29;1.0;11.0;4.0;17.7
2020-11-30;1.0;11.0;3.0;17.8
2020-12-01;1.0;15.0;7.0;17.7
2020-12-02;1.02;14.0;5.0;18.1
2020-12-03;1.0;13.0;4.0;18.1
2020-12-04;1.0;12.0;5.0;18.1
2020-12-05;1.0;21.0;7.0;18.0
2020-12-06;1.0;11.0;5.0;18.1
2020-12-07;1.0;10.0;4.0;18.0
2020-12-08;1.0;2.0;3.0;18.1
2020-12-09;1.0;6.0;3.0;18.2
2020-12-10;1.0;8.0;2.8;18.3
2020-12-11;1.0;10.0;3.9;18.1
2020-12-12;1.0;13.0;5.0;18.3
2020-12-13;1.0;12.0;6.0;18.6
2020-12-14;1.0;12.0;6.0;18.5
2020-12-15;1.0;12.0;5.0;18.6
2020-12-16;1.0;9.0;4.0;18.5
2020-12-17;1.0;7.0;2.0;18.8
2020-12-18;1.0;7.0;3.0;18.8
2020-12-19;1.0;4.0;2.0;18.8
2020-12-20;1.0;3.0;2.0;19.0
2020-12-21;1.0;12.0;5.0;18.9
2020-12-22;1.0;10.0;3.0;19.0
2020-12-23;1.0;19.0;5.0;19.0
2020-12-24;1.0;7.0;4.0;19.0
2020-12-25;1.0;12.0;4.0;19.2
2020-12-26;1.0;9.0;3.0;19.3
2020-12-27;1.0;9.0;3.0;19.4
2020-12-28;1.0;8.0;2.0;19.4
2020-12-29;1.0;2.0;2.0;19.4
2020-12-30;1.0;13.0;3.0;19.6
2020-12-31;1.0;12.0;6.0;19.6
2021-01-01;1.0;16.0;7.0;19.7
2021-01-02;1.0;12.0;5.0;19.6
2021-01-03;1.0;9.0;3.0;19.8
2021-01-04;1.0;11.0;4.0;19.8
2021-01-05;1.0;12.0;5.0;20.0
2021-01-06;1.0;17.0;3.0;20.1
2021-01-07;1.0;12.0;4.0;20.0
2021-01-08;1.0;12.0;4.0;20.1
2021-01-09;1.0;11.0;5.0;20.0
2021-01-10;1.0;12.0;5.0;20.0
2021-01-11;1.0;17.0;5.0;20.0
2021-01-12;1.0;15.0;5.0;20.0
2021-01-13;1.0;25.0;6.0;20.1
2021-01-14;1.0;18.0;5.0;20.2
2021-01-15;1.0;17.0;6.0;20.3
2021-01-16;1.0;12.0;6.0;20.4
2021-01-17;1.0;14.0;4.0;20.6
2021-01-18;1.0;14.8;4.0;20.5
2021-01-19;1.0;8.0;4.0;20.5
2021-01-20;1.0;12.0;6.0;20.5
2021-01-21;1.0;8.0;2.0;20.5
2021-01-22;1.0;8.0;1.0;20.4
2021-01-23;1.0;4.0;1.0;20.4
2021-01-24;1.0;6.0;3.0;20.5
2021-01-25;1.0;9.0;1.0;20.4
2021-01-26;1.0;5.0;1.0;20.4
2021-01-27;1.0;15.0;3.0;20.3
2021-01-28;1.0;15.0;4.0;20.5
2021-01-29;1.0;15.0;5.0;20.7
2021-01-30;1.0;18.0;6.0;20.6
2021-01-31;1.0;5.0;2.0;20.4
2021-02-01;1.0;7.0;1.0;20.5
2021-02-02;1.08;6.0;2.0;20.3
2021-02-03;1.0;17.0;4.0;20.3
2021-02-04;1.0;17.0;5.0;20.3
2021-02-05;1.0;16.0;5.0;20.4
2021-02-06;1.0;11.0;4.0;20.4
2021-02-07;1.0;8.0;4.0;20.3
2021-02-08;1.0;11.0;5.0;20.2
2021-02-09;1.03;10.0;4.0;20.2
2021-02-10;1.0;10.0;3.0;20.3
2021-02-11;1.0;17.0;4.0;20.3
2021-02-12;1.0;23.0;4.0;20.2
2021-02-13;1.0;32.0;7.0;20.2
2021-02-14;1.0;22.0;5.0;20.2
2021-02-15;1.0;21.0;5.0;20.3
2021-02-16;1.02;23.0;6.0;20.3
2021-02-17;1.01;19.0;5.0;20.1
2021-02-18;1.0;19.0;3.0;20.1
2021-02-19;1.0;20.0;5.0;20.1
2021-02-20;1.0;16.0;5.0;20.1
2021-02-21;1.0;17.0;5.0;20.1
2021-02-22;1.0;17.0;4.0;20.1
2021-02-23;1.0;21.0;5.0;19.9
2021-02-24;1.04;19.0;5.0;20.0
2021-02-25;1.02;30.0;9.0;20.0
2021-02-26;1.0;32.0;8.0;20.0
2021-02-27;1.0;23.0;7.0;19.9
2021-02-28;1.0;16.0;5.0;19.9
2021-03-01;1.0;23.0;6.0;19.7
2021-03-02;1.0;23.0;8.0;19.6
2021-03-03;1.0;26.0;9.0;19.7
2021-03-04;1.0;18.0;5.0;19.7
2021-03-05;1.0;25.0;6.0;19.8
2021-03-06;1.0;12.0;4.0;19.7
2021-03-07;1.0;12.0;3.0;19.7
2021-03-08;1.03;14.0;3.0;19.5
2021-03-09;1.01;14.0;4.0;19.5
2021-03-10;1.0;23.0;5.0;19.5
2021-03-11;1.0;14.0;5.0;19.5
2021-03-12;1.0;17.0;4.0;19.5
2021-03-13;1.0;16.0;4.0;19.5
2021-03-14;1.0;11.0;4.0;19.3
2021-03-15;1.0;24.0;4.0;19.2
2021-03-16;1.0;16.0;4.0;19.2
2021-03-17;1.0;16.0;3.0;19.1
2021-03-18;1.0;14.0;3.0;19.1
2021-03-19;1.0;16.0;3.0;19.1
2021-03-20;1.0;16.0;4.0;18.9
2021-03-21;1.0;13.0;3.0;19.0
2021-03-22;1.0;15.0;3.0;18.7
2021-03-23;1.0;25.051449953227316;8.680018850141376;18.7
2021-03-24;1.0;19.3;6.0;18.7
2021-03-25;1.0;27.6;10.0;18.7
2021-03-26;1.0;25.051449953227316;8.680018850141376;18.5
2021-03-27;1.0;31.0;9.7;18.7
2021-03-28;1.0;34.0;10.7;18.4
2021-03-29;1.0;40.0;12.7;18.4
2021-03-30;1.0;36.0;9.0;18.3
2021-03-31;1.0;33.0;8.0;18.3
2021-04-01;1.0;25.0;7.0;18.5
2021-04-02;1.0;27.0;8.0;18.3
2021-04-03;1.0;30.0;10.0;18.2
2021-04-04;1.0;22.0;6.0;17.9
2021-04-05;1.0;25.0;7.0;17.9
2021-04-06;1.0;20.0;6.0;17.8
2021-04-07;1.0;14.0;4.0;17.8
2021-04-08;1.0;15.0;3.0;17.7
2021-04-09;1.0;14.0;3.0;17.7
2021-04-10;1.0;19.0;5.0;17.7
2021-04-11;1.0;25.0;7.0;17.5
2021-04-12;1.0;31.0;7.0;17.4
2021-04-13;1.0;33.0;9.0;17.5
2021-04-14;1.0;28.0;10.0;17.4
2021-04-15;1.0;27.0;9.0;17.3
2021-04-16;1.0;33.0;12.0;17.2
2021-04-17;1.0;35.0;12.0;17.1
2021-04-18;1.0;31.0;8.0;17.2
2021-04-19;1.0;32.0;10.0;17.2
2021-04-20;1.0;30.0;7.0;16.9
2021-04-21;1.0;28.0;5.0;16.8
2021-04-22;1.0;25.0;7.0;16.8
2021-04-23;1.0;27.0;6.0;16.7
2021-04-24;1.0;23.0;6.0;17.0
2021-04-25;1.0;29.0;7.0;16.8
2021-04-26;1.0;43.0;10.0;16.4
2021-04-27;1.0;60.0;12.0;16.5
2021-04-28;1.0;52.0;13.0;16.3
2021-04-29;1.0;38.0;8.0;16.5
2021-04-30;1.0;33.0;8.0;16.4
2021-05-01;1.0;28.0;9.0;16.2
2021-05-02;1.0;30.0;9.0;16.1
2021-05-03;1.0;29.0;9.0;16.3
2021-05-04;1.0;20.0;7.0;16.4
2021-05-05;2.76;33.0;8.0;16.4
2021-05-06;1.0;23.0;8.0;16.4
2021-05-07;1.0;30.0;10.0;16.4
2021-05-08;1.0;21.0;5.0;16.0
2021-05-09;1.0;28.0;8.0;16.1
2021-05-10;1.0;37.0;10.0;15.9
2021-05-11;1.0;51.0;12.0;16.0
2021-05-12;1.0;62.0;19.0;16.0
2021-05-13;1.0;53.0;11.0;16.1
2021-05-14;1.0;42.0;14.0;16.0
2021-05-15;1.0;37.0;13.0;15.7
2021-05-16;1.0;39.0;12.0;15.8
2021-05-17;1.0;49.0;22.0;15.6
2021-05-18;1.0;47.0;16.0;15.6
2021-05-19;1.0;51.0;15.0;15.7
2021-05-20;1.0;31.0;9.0;15.6
2021-05-21;1.0;38.0;8.0;15.1
2021-05-22;1.0;45.0;12.0;15.1
2021-05-23;1.0;45.0;16.0;15.2
2021-05-24;1.0;47.0;18.0;15.2
2021-05-25;1.0;44.0;14.0;15.3
2021-05-26;1.0;43.0;16.0;15.3
2021-05-27;1.0;54.0;20.0;15.2
2021-05-28;1.0;61.0;19.0;15.2
2021-05-29;1.0;34.0;13.0;15.2
2021-05-30;1.0;31.0;13.0;15.1
2021-05-31;1.0;41.0;15.0;14.9
2021-06-01;1.0;48.0;22.0;14.8
2021-06-02;1.0;45.0;21.0;14.9
2021-06-03;1.0;48.0;23.0;14.9
2021-06-04;1.0;34.0;14.0;15.0
2021-06-05;1.0;29.0;13.0;14.8
2021-06-06;1.0;26.0;10.0;14.7
2021-06-07;1.0;22.0;7.0;14.6
2021-06-08;1.0;25.0;8.0;14.4
2021-06-09;1.0;25.0;10.0;14.3
2021-06-10;1.0;27.0;8.0;14.7
2021-06-11;1.0;38.0;11.0;14.8
2021-06-12;1.0;38.0;17.0;14.7
2021-06-13;1.0;37.0;15.0;14.6
2021-06-14;1.0;31.0;12.0;14.6
2021-06-15;1.0;52.0;17.0;14.5
2021-06-16;1.0;40.0;13.0;14.5
2021-06-17;1.0;27.0;9.0;14.5
2021-06-18;1.0;21.0;5.0;14.5
2021-06-19;1.0;25.0;7.0;14.3
2021-06-20;1.0;19.0;6.0;14.4
2021-06-21;1.0;18.0;5.0;14.1
2021-06-22;1.0;39.0;10.0;14.2
2021-06-23;1.0;40.0;10.0;14.5
2021-06-24;1.0;45.0;10.0;14.1
2021-06-25;1.0;30.0;6.0;14.3
2021-06-26;1.0;25.0;5.0;14.4
2021-06-27;1.0;26.0;7.0;14.1
2021-06-28;1.0;37.0;9.0;14.2
2021-06-29;1.0;38.0;18.0;14.0
2021-06-30;1.0;46.0;24.0;13.8
2021-07-01;1.0;34.0;14.0;14.0
2021-07-02;1.0;30.0;10.0;13.9
2021-07-03;1.0;42.0;19.0;14.0
2021-07-04;1.0;42.0;22.0;14.2
2021-07-05;1.0;50.0;25.0;14.0
2021-07-06;1.0;40.0;17.0;14.0
2021-07-07;1.0;31.0;9.0;14.0
2021-07-08;1.0;38.0;16.0;14.0
2021-07-09;1.0;38.0;15.0;14.0
2021-07-10;1.0;48.0;17.0;13.9
2021-07-11;1.0;38.0;16.0;13.8
2021-07-12;1.0;63.0;16.0;13.8
2021-07-13;1.0;50.0;16.0;13.8
2021-07-14;1.0;42.0;13.0;13.8
2021-07-15;1.0;31.0;10.0;13.7
2021-07-16;1.0;32.0;12.0;13.5
2021-07-17;1.0;35.0;14.0;13.6
2021-07-18;1.0;45.0;22.0;13.4
2021-07-19;1.0;41.0;21.0;13.6
2021-07-20;1.0;36.0;13.0;13.8
2021-07-21;1.0;45.0;21.0;14.0
2021-07-22;1.01;48.0;24.0;13.8
2021-07-23;1.0;47.0;22.0;13.5
2021-07-24;1.0;51.0;22.0;13.6
2021-07-25;1.0;27.0;11.0;13.5
2021-07-26;1.0;27.0;7.0;13.6
2021-07-27;1.0;37.0;8.0;13.6
2021-07-28;1.0;37.0;9.0;13.5
2021-07-29;1.0;35.0;10.0;13.5
2021-07-30;1.0;32.0;12.0;13.7
2021-07-31;1.01;34.0;11.0;13.7
2021-08-01;1.0;37.0;15.0;13.7
2021-08-02;1.0;43.0;20.0;13.6
2021-08-03;1.0;43.0;21.0;13.8
2021-08-04;1.0;34.0;15.0;13.9
2021-08-05;1.0;36.0;11.0;13.9
2021-08-06;1.0;30.0;9.0;14.1
2021-08-07;1.0;26.0;9.0;14.0
2021-08-08;1.0;27.0;8.0;14.1
2021-08-09;1.0;33.0;9.0;13.9
2021-08-10;1.0;34.0;7.0;14.0
2021-08-11;1.0;30.0;11.0;14.1
2021-08-12;1.0;38.0;12.0;14.0
2021-08-13;1.0;43.0;13.0;14.0
2021-08-14;1.0;29.0;12.0;14.0
2021-08-15;1.0;27.0;12.0;13.9
2021-08-16;1.0;42.0;15.0;14.1
2021-08-17;1.0;43.0;15.0;13.9
2021-08-18;1.0;39.0;11.0;14.0
2021-08-19;1.0;40.0;12.0;13.9
2021-08-20;1.0;34.0;11.0;13.8
2021-08-21;1.0;34.0;11.0;13.9
2021-08-22;1.0;29.0;10.0;14.1
2021-08-23;1.0;31.0;9.0;14.0
2021-08-24;1.0;23.0;6.0;14.1
2021-08-25;1.0;33.0;6.0;14.1
2021-08-26;1.0;51.0;11.0;14.0
2021-08-27;1.0;33.0;9.0;14.3
2021-08-28;1.0;31.0;10.0;14.2
2021-08-29;1.0;35.0;15.0;14.4
2021-08-30;1.0;34.0;11.0;14.4
2021-08-31;1.0;26.0;10.0;14.3
2021-09-01;1.0;23.0;7.0;14.3
2021-09-02;1.0;19.0;9.0;14.3
2021-09-03;1.0;13.0;3.0;14.3
2021-09-04;1.0;21.0;6.0;14.3
2021-09-05;1.0;25.0;8.0;14.3
2021-09-06;1.0;25.0;5.0;14.4
2021-09-07;1.34;33.0;7.0;14.4
2021-09-08;1.25;43.0;10.0;14.5
2021-09-09;1.0;43.0;13.0;14.4
2021-09-10;1.0;39.0;12.0;14.4
2021-09-11;1.0;43.0;13.0;14.3
2021-09-12;1.0;48.0;13.0;14.4
2021-09-13;1.0;39.0;9.0;14.4
2021-09-14;1.0;31.0;8.0;14.3
2021-09-15;1.0;28.0;8.0;14.4
2021-09-16;1.0;35.0;9.0;14.4
2021-09-17;1.0;27.0;10.0;14.5
2021-09-18;1.0;25.0;10.0;14.5
2021-09-19;1.0;19.0;6.0;14.5
2021-09-20;1.0;15.0;2.0;14.6
2021-09-21;1.0;27.0;7.0;14.9
2021-09-22;1.0;28.0;7.0;14.8
2021-09-23;1.0;30.0;8.0;14.8
2021-09-24;1.0;34.0;10.0;14.8
2021-09-25;1.0;36.0;11.0;14.8
2021-09-26;1.0;23.0;9.0;14.9
2021-09-27;1.0;22.0;7.0;15.0
2021-09-28;1.0;19.0;8.0;15.0
2021-09-29;1.0;21.0;9.0;15.0
2021-09-30;1.0;22.0;8.0;15.2
2021-10-01;1.0;31.0;8.0;14.9
2021-10-02;1.0;24.0;8.0;14.9
2021-10-03;1.0;40.0;11.0;15.1
2021-10-04;1.0;36.0;11.0;15.0
2021-10-05;1.0;35.0;9.0;15.1
2021-10-06;1.0;30.0;9.0;15.3
2021-10-07;1.0;32.0;12.0;15.3
2021-10-08;1.0;34.0;9.0;15.3
2021-10-09;1.0;28.0;9.0;15.4
2021-10-10;1.0;26.0;10.0;15.4
2021-10-11;1.0;32.0;10.0;15.3
2021-10-12;1.0;26.0;7.0;15.4
2021-10-13;1.0;34.0;7.0;15.6
2021-10-14;1.0;30.0;6.0;15.6
2021-10-15;1.0;30.0;9.0;15.6
2021-10-16;1.0;39.0;11.0;15.4
2021-10-17;1.0;34.0;10.0;15.4
2021-10-18;1.0;33.0;12.0;15.5
2021-10-19;1.0;34.0;14.0;15.5
2021-10-20;1.0;27.0;11.0;15.7
2021-10-21;1.0;26.0;9.0;15.6
2021-10-22;1.0;23.0;9.0;15.9
2021-10-23;1.0;38.0;8.0;15.8
2021-10-24;1.0;36.0;11.0;15.9
2021-10-25;1.0;32.0;11.0;15.9
2021-10-26;1.0;31.0;10.0;16.0
2021-10-27;1.0;37.0;12.0;16.1
2021-10-28;1.0;34.0;11.0;16.1
2021-10-29;1.0;29.0;9.0;16.2
2021-10-30;1.0;24.0;8.0;16.3
2021-10-31;1.0;27.0;9.0;16.3
2021-11-01;1.0;24.0;8.0;16.3
2021-11-02;1.0;23.0;7.0;16.3
2021-11-03;1.0;29.0;7.0;16.5
2021-11-04;1.0;23.0;6.0;16.5
2021-11-05;1.0;27.0;6.0;16.5
2021-11-06;1.0;31.0;8.0;16.6
2021-11-07;1.0;32.0;11.0;16.7
2021-11-08;1.0;29.0;10.0;16.8
2021-11-09;1.14;33.0;11.0;16.8
2021-11-10;1.23;26.0;11.0;16.8
2021-11-11;1.22;22.0;7.0;16.8
2021-11-12;1.24;20.0;5.0;16.8
2021-11-13;1.22;20.0;5.0;17.0
2021-11-14;1.22;21.0;6.0;16.9
2021-11-15;1.22;26.0;7.0;17.1
2021-11-16;1.22;23.0;7.0;17.0
2021-11-17;1.24;25.0;8.0;17.0
2021-11-18;1.28;24.0;7.0;17.1
2021-11-19;1.27;24.0;10.0;17.2
2021-11-20;1.27;22.0;7.0;17.4
2021-11-21;1.28;22.0;6.0;17.2
2021-11-22;1.27;20.0;7.0;17.5
2021-11-23;1.28;19.0;9.0;17.6
2021-11-24;1.28;21.0;8.0;17.6
2021-11-25;1.3;19.0;5.0;17.6
2021-11-26;1.29;21.0;6.0;17.8
2021-11-27;1.3;17.0;4.0;17.6
2021-11-28;1.29;18.0;6.0;17.6
2021-11-29;1.11;29.0;8.0;17.7
2021-11-30;1.0;28.0;8.0;17.8
2021-12-01;1.0;22.0;7.0;17.7
2021-12-02;1.0;25.0;7.0;18.0
2021-12-03;1.0;24.0;6.0;18.0
2021-12-04;1.0;22.0;5.0;18.0
2021-12-05;1.0;26.0;10.0;17.9
2021-12-06;1.0;25.0;7.0;18.0
2021-12-07;1.0;23.0;7.0;18.0
2021-12-08;1.0;21.0;5.0;18.1
2021-12-09;1.0;18.0;5.0;18.1
2021-12-10;1.0;28.0;8.0;18.2
2021-12-11;1.0;27.0;7.0;18.1
2021-12-12;1.0;18.0;5.0;18.3
2021-12-13;1.0;22.0;5.0;18.6
2021-12-14;1.0;28.0;5.0;18.5
2021-12-15;1.0;29.0;7.0;18.6
2021-12-16;1.0;18.0;5.0;18.5
2021-12-17;1.0;22.0;5.0;18.8
2021-12-18;1.0;19.0;4.0;18.8
2021-12-19;1.0;16.0;3.0;18.8
2021-12-20;1.0;17.0;2.0;19.0
2021-12-21;1.0;15.0;3.0;18.9
2021-12-22;1.0;21.0;4.0;19.0
2021-12-23;1.0;30.0;5.0;19.1
2021-12-24;1.0;24.0;5.0;19.1
2021-12-25;1.0;19.0;4.0;19.2
2021-12-26;1.0;16.0;4.0;19.3
2021-12-27;1.0;18.0;4.0;19.4
2021-12-28;1.0;16.0;3.0;19.4
2021-12-29;1.0;14.0;3.0;19.4
2021-12-30;1.0;10.0;1.0;19.6
2021-12-31;1.0;32.0;14.0;19.6
2022-01-01;1.0;20.0;5.0;19.7
2022-01-02;1.0;22.0;6.0;19.6
2022-01-03;1.0;28.0;4.0;19.8
2022-01-04;1.0;21.0;4.0;19.7
2022-01-05;1.0;21.0;4.0;19.9
2022-01-06;1.0;25.0;5.0;20.0
2022-01-07;1.0;23.0;5.0;19.9
2022-01-08;1.0;24.0;5.0;20.0
2022-01-09;1.0;24.0;5.0;20.0
2022-01-10;1.0;24.0;5.0;20.0
2022-01-11;1.0;21.0;4.0;19.9
2022-01-12;1.0;19.0;3.0;20.0
2022-01-13;1.0;19.0;4.0;20.0
2022-01-14;1.0;19.0;4.0;20.1
2022-01-15;1.0;17.0;3.0;20.3
2022-01-16;1.0;13.0;2.0;20.4
2022-01-17;1.0;17.0;3.0;20.5
2022-01-18;1.0;23.0;4.0;20.4
2022-01-19;1.0;23.0;5.0;20.4
2022-01-20;1.0;25.0;4.0;20.4
2022-01-21;1.0;23.0;4.0;20.4
2022-01-22;1.0;19.0;3.0;20.4
2022-01-23;1.0;16.0;4.0;20.3
2022-01-24;1.0;20.0;4.0;20.4
2022-01-25;1.0;20.0;5.0;20.3
2022-01-26;1.0;23.0;5.0;20.3
2022-01-27;1.0;23.0;5.0;20.2
2022-01-28;1.0;17.0;3.0;20.5
2022-01-29;1.0;20.0;5.0;20.7
2022-01-30;1.0;20.0;5.0;20.5
2022-01-31;1.0;20.0;4.0;20.3
2022-02-01;1.0;18.0;4.0;20.4
2022-02-02;1.0;24.0;5.0;20.3
2022-02-03;1.0;26.0;6.0;20.2
2022-02-04;1.0;28.0;6.0;20.3
2022-02-05;1.0;23.0;5.0;20.3
2022-02-06;1.0;21.0;5.0;20.4
2022-02-07;1.0;23.0;6.0;20.2
2022-02-08;1.0;28.0;6.0;20.1
2022-02-09;1.0;24.0;7.0;20.1
2022-02-10;1.0;27.0;7.0;20.3
2022-02-11;1.0;35.0;9.0;20.2
2022-02-12;1.0;27.0;6.0;20.1
2022-02-13;1.0;20.0;5.0;20.2
2022-02-14;1.0;24.0;5.0;20.2
2022-02-15;1.0;29.0;8.0;20.2
2022-02-16;1.0;31.0;7.0;20.2
2022-02-17;1.0;27.0;6.0;20.0
2022-02-18;1.0;24.0;5.0;20.1
2022-02-19;1.0;26.0;7.0;20.0
2022-02-20;1.0;30.0;9.0;20.1
2022-02-21;1.0;27.0;6.0;20.1
2022-02-22;1.0;27.0;6.0;20.0
2022-02-23;1.0;25.0;3.0;20.0
2022-02-24;1.0;23.0;5.0;20.0
2022-02-25;1.0;26.0;5.0;20.0
2022-02-26;1.0;29.0;9.0;20.0
2022-02-27;1.0;26.0;7.0;19.9
2022-02-28;1.0;26.0;7.0;19.8
2022-03-01;1.0;40.0;9.0;19.6
2022-03-02;1.0;39.0;10.0;19.6
2022-03-03;1.0;49.0;11.0;19.7
2022-03-04;1.0;37.0;10.0;19.8
2022-03-05;1.0;25.0;7.0;19.7
2022-03-06;1.0;23.0;7.0;19.7
2022-03-07;1.0;35.0;11.0;19.6
2022-03-08;1.0;33.0;7.0;19.5
2022-03-09;1.0;29.0;5.0;19.5
2022-03-10;1.0;23.0;6.0;19.4
2022-03-11;1.0;36.0;9.0;19.3
2022-03-12;1.0;36.0;10.0;19.4
2022-03-13;1.0;28.0;8.0;19.3
2022-03-14;1.0;33.0;7.0;19.1
2022-03-15;1.0;32.0;7.0;19.1
2022-03-16;1.0;27.0;5.0;19.1
2022-03-17;1.0;30.0;6.0;19.0
2022-03-18;1.0;41.0;9.0;19.0
2022-03-19;1.0;62.0;12.0;19.0
2022-03-20;1.0;37.0;8.0;18.8
2022-03-21;1.0;31.0;7.0;18.8
2022-03-22;1.0;39.0;8.0;18.6
2022-03-23;1.0;33.0;6.0;18.6
2022-03-24;1.0;37.0;7.0;18.6
2022-03-25;1.0;53.0;12.0;18.5
2022-03-26;1.0;51.0;13.0;18.4
2022-03-27;1.0;39.0;8.0;18.5
2022-03-28;1.0;30.0;9.5;18.2
2022-03-29;1.0;26.0;9.2;18.3
2022-03-30;1.0;28.0;10.0;18.2
2022-03-31;1.0;25.051449953227316;8.680018850141376;18.2
2022-04-01;1.0;29.2;12.0;18.3
2022-04-02;1.0;29.2;12.0;18.2
2022-04-03;1.0;26.1;9.0;18.1
2022-04-04;1.0;26.1;9.0;17.8
2022-04-05;1.0;25.0;10.0;17.7
2022-04-06;1.0;26.0;13.0;17.7
2022-04-07;1.0;22.0;11.0;17.7
2022-04-08;1.0;24.0;13.0;17.7
2022-04-09;1.0;17.0;9.0;17.7
2022-04-10;1.0;9.0;6.0;17.7
2022-04-11;1.0;17.0;7.0;17.4
2022-04-12;1.0;20.0;7.0;17.3
2022-04-13;1.0;31.0;9.0;17.4
2022-04-14;1.0;21.0;9.0;17.3
2022-04-15;1.0;22.0;10.0;17.2
2022-04-16;1.0;20.0;8.0;17.1
2022-04-17;1.0;18.0;7.0;17.0
2022-04-18;1.0;20.0;10.0;17.1
2022-04-19;1.0;32.0;13.0;17.1
2022-04-20;1.0;29.0;9.0;16.8
2022-04-21;1.0;13.0;7.0;16.7
2022-04-22;1.0;12.0;7.0;16.7
2022-04-23;1.0;14.0;8.0;16.7
2022-04-24;1.0;19.0;11.0;16.9
2022-04-25;1.0;23.0;8.0;16.7
2022-04-26;1.0;23.0;8.0;16.3
2022-04-27;1.0;16.0;7.0;16.4
2022-04-28;1.0;20.0;8.0;16.2
2022-04-29;1.0;33.0;14.0;16.5
2022-04-30;1.0;23.0;11.0;16.3
2022-05-01;1.0;19.0;10.0;16.2
2022-05-02;1.0;19.0;8.0;16.1
2022-05-03;1.0;26.0;9.0;16.2
2022-05-04;1.0;25.0;14.0;16.3
2022-05-05;1.0;35.0;13.0;16.3
2022-05-06;1.0;19.0;9.0;16.3
2022-05-07;1.0;23.0;10.0;16.3
2022-05-08;1.0;39.0;12.0;16.0
2022-05-09;1.0;27.0;8.0;15.9
2022-05-10;1.0;28.0;14.0;15.8
2022-05-11;1.0;37.0;18.0;15.9
2022-05-12;1.0;27.0;14.0;15.9
2022-05-13;1.0;32.0;15.0;16.0
2022-05-14;1.0;27.0;13.0;15.9
2022-05-15;1.0;22.0;11.0;15.7
2022-05-16;1.0;25.0;9.0;15.6
2022-05-17;1.0;32.0;10.0;15.5
2022-05-18;1.0;25.0;13.0;15.5
2022-05-19;1.0;50.0;20.0;15.6
2022-05-20;1.0;31.0;13.0;15.5
2022-05-21;1.0;24.0;12.0;15.0
2022-05-22;1.0;21.0;9.0;15.0
2022-05-23;1.0;26.0;12.0;15.1
2022-05-24;1.0;27.0;11.0;15.1
2022-05-25;1.0;28.0;16.0;15.2
2022-05-26;1.0;34.0;20.0;15.2
2022-05-27;1.0;37.6;15.0;15.1
2022-05-28;1.0;27.2;11.0;15.1
2022-05-29;1.0;28.6;8.0;15.1
2022-05-30;1.0;26.1;9.0;15.1
2022-05-31;1.0;33.0;16.0;14.9
2022-06-01;1.0;47.0;13.0;14.8
2022-06-02;1.0;44.0;13.0;14.8
2022-06-03;1.0;28.0;10.0;14.9
2022-06-04;1.0;33.0;16.0;14.8
2022-06-05;1.0;32.0;15.0;14.7
2022-06-06;1.0;43.0;13.0;14.6
2022-06-07;1.0;35.0;13.0;14.6
2022-06-08;1.0;27.0;11.0;14.4
2022-06-09;1.0;20.0;7.0;14.3
2022-06-10;1.0;30.0;10.0;14.6
2022-06-11;1.0;34.0;15.0;14.7
2022-06-12;1.0;27.0;15.0;14.6
2022-06-13;1.0;28.0;12.0;14.5
2022-06-14;1.0;35.0;12.0;14.6
2022-06-15;1.0;29.0;9.0;14.5
2022-06-16;1.0;24.0;7.0;14.5
2022-06-17;1.0;37.0;9.0;14.4
2022-06-18;1.0;27.0;12.0;14.5
2022-06-19;1.0;29.0;13.0;14.2
2022-06-20;1.0;28.0;14.0;14.3
2022-06-21;1.0;21.0;11.0;14.1
2022-06-22;1.0;27.0;8.0;14.2
2022-06-23;1.0;30.0;8.0;14.4
2022-06-24;1.0;33.0;10.0;14.1
2022-06-25;1.0;19.0;9.0;14.3
2022-06-26;1.0;17.0;5.0;14.4
2022-06-27;1.0;23.0;7.0;14.1
2022-06-28;1.0;36.0;10.0;14.2
2022-06-29;1.0;34.0;14.0;14.0
2022-06-30;1.0;32.0;14.0;13.9
2022-07-01;1.0;34.0;14.0;14.0
2022-07-02;1.0;29.0;12.0;13.9
2022-07-03;1.0;29.0;16.0;14.0
2022-07-04;1.0;28.0;12.0;14.1
2022-07-05;1.0;40.0;17.0;14.0
2022-07-06;1.0;43.0;15.0;14.0
2022-07-07;1.0;35.0;13.0;14.0
2022-07-08;1.0;50.0;16.0;14.0
2022-07-09;1.0;35.0;15.0;13.9
2022-07-10;1.0;19.0;10.0;13.9
2022-07-11;1.0;39.0;8.0;13.8
2022-07-12;1.0;40.0;12.0;13.8
2022-07-13;1.0;28.0;10.0;13.8
2022-07-14;1.0;25.0;7.0;13.8
2022-07-15;1.0;23.0;6.0;13.7
2022-07-16;1.0;29.0;6.0;13.5
2022-07-17;1.0;36.0;10.0;13.5
2022-07-18;1.0;34.0;16.0;13.4
2022-07-19;1.0;27.0;14.0;13.5
2022-07-20;1.0;33.0;19.0;13.8
2022-07-21;1.0;23.0;12.0;14.0
2022-07-22;1.0;19.0;9.0;13.8
2022-07-23;1.0;23.0;12.0;13.5
2022-07-24;1.0;25.0;16.0;13.6
2022-07-25;1.0;28.0;14.0;13.5
2022-07-26;1.0;23.0;10.0;13.6
2022-07-27;1.0;28.0;10.0;13.6
2022-07-28;1.0;27.0;11.0;13.5
2022-07-29;1.0;30.0;12.0;13.5
2022-07-30;1.0;28.0;12.0;13.7
2022-07-31;1.0;17.0;9.0;13.7
2022-08-01;1.0;16.0;7.0;13.7
2022-08-02;1.0;24.0;9.0;13.6
2022-08-03;1.0;31.0;8.0;13.8
2022-08-04;1.0;33.0;14.0;13.9
2022-08-05;1.0;33.0;15.0;13.9
2022-08-06;1.0;35.0;16.0;14.1
2022-08-07;1.0;35.0;12.0;13.9
2022-08-08;1.0;38.0;14.0;14.1
2022-08-09;1.0;41.0;13.0;13.9
2022-08-10;1.0;35.0;17.0;14.0
2022-08-11;1.0;42.0;20.0;14.2
2022-08-12;1.0;32.0;15.0;14.0
2022-08-13;1.0;25.0;10.0;14.0
2022-08-14;1.0;25.0;9.0;14.0
2022-08-15;1.0;27.0;10.0;13.8
2022-08-16;1.0;44.0;13.0;14.1
2022-08-17;1.0;36.0;13.0;13.9
2022-08-18;1.0;36.0;11.0;14.0
2022-08-19;1.0;35.0;16.0;13.9
2022-08-20;1.0;37.0;18.0;13.8
2022-08-21;1.0;23.0;13.0;13.9
2022-08-22;1.0;21.0;8.0;14.1
2022-08-23;1.0;26.0;9.0;14.0
2022-08-24;1.0;26.0;10.0;14.0
2022-08-25;1.0;32.0;16.0;14.1
2022-08-26;1.0;25.0;14.0;14.0
2022-08-27;1.0;27.0;13.0;14.3
2022-08-28;1.0;28.0;13.0;14.2
2022-08-29;1.0;30.0;14.0;14.3
2022-08-30;1.0;27.0;11.0;14.4
2022-08-31;1.0;23.0;9.0;14.3
2022-09-01;1.0;24.0;7.0;14.2
2022-09-02;1.0;26.0;10.0;14.3
2022-09-03;1.0;32.0;12.0;14.3
2022-09-04;1.0;34.0;15.0;14.3
2022-09-05;1.0;36.0;15.0;14.2
2022-09-06;1.0;36.0;17.0;14.4
2022-09-07;1.0;30.0;16.0;14.4
2022-09-08;1.0;28.0;9.0;14.4
2022-09-09;1.0;28.0;8.0;14.4
2022-09-10;1.0;18.0;7.0;14.4
2022-09-11;1.0;14.0;7.0;14.3
2022-09-12;1.0;24.0;8.0;14.4
2022-09-13;1.0;33.0;8.0;14.4
2022-09-14;1.0;39.0;10.0;14.3
2022-09-15;1.0;27.0;12.0;14.4
2022-09-16;1.0;37.5;16.0;14.4
2022-09-17;1.0;26.0;15.0;14.4
2022-09-18;1.0;23.0;10.0;14.4
2022-09-19;1.0;21.0;8.0;14.5
2022-09-20;1.0;24.0;8.0;14.5
2022-09-21;1.0;26.0;9.0;14.8
2022-09-22;1.0;38.0;14.0;14.8
2022-09-23;1.0;32.0;13.0;14.8
2022-09-24;1.0;20.0;9.0;14.8
2022-09-25;1.0;27.0;9.0;14.7
2022-09-26;1.0;37.0;11.0;14.8
2022-09-27;1.0;22.0;7.0;14.9
2022-09-28;1.01;27.0;8.0;14.9
2022-09-29;1.0;19.0;6.0;15.0
2022-09-30;1.0;25.0;7.0;15.1
2022-10-01;1.0;21.0;9.0;14.9
2022-10-02;1.0;22.0;7.0;14.8
2022-10-03;1.0;21.0;7.0;15.0
2022-10-04;1.0;15.0;4.0;15.0
2022-10-05;1.0;27.0;5.0;15.0
2022-10-06;1.0;41.0;11.0;15.2
2022-10-07;1.0;30.0;11.0;15.2
2022-10-08;1.0;22.0;10.0;15.3
2022-10-09;1.0;28.6;8.0;15.3
2022-10-10;1.0;25.3;7.0;15.4
2022-10-11;1.0;25.3;7.0;15.2
2022-10-12;1.0;25.3;7.0;15.3
2022-10-13;1.0;19.3;6.0;15.5
2022-10-14;1.0;18.0;6.0;15.5
2022-10-15;1.0;25.0;11.0;15.5
2022-10-16;1.0;21.0;10.0;15.4
2022-10-17;1.0;15.0;6.0;15.4
2022-10-18;1.0;17.0;9.0;15.4
2022-10-19;1.0;14.0;5.0;15.5
2022-10-20;1.01;19.0;6.0;15.6
2022-10-21;1.0;20.0;7.0;15.6
2022-10-22;1.0;17.0;7.0;15.8
2022-10-23;1.0;12.0;7.0;15.7
2022-10-24;1.0;16.0;6.0;15.8
2022-10-25;1.0;16.0;6.0;15.8
2022-10-26;1.0;15.0;5.0;16.0
2022-10-27;1.0;17.0;6.0;16.0
2022-10-28;1.0;20.0;6.0;16.1
2022-10-29;1.0;20.0;7.0;16.2
2022-10-30;1.0;15.0;6.0;16.2
2022-10-31;1.0;15.0;6.0;16.2
2022-11-01;1.0;17.0;7.0;16.3
2022-11-02;1.0;30.0;8.0;16.3
2022-11-03;1.0;23.0;11.0;16.4
2022-11-04;1.0;22.0;8.0;16.5
2022-11-05;1.0;16.0;7.0;16.4
2022-11-06;1.0;13.0;6.0;16.5
2022-11-07;1.0;16.0;5.0;16.7
2022-11-08;1.0;16.0;7.0;16.8
2022-11-09;1.0;20.0;8.0;16.7
2022-11-10;1.0;15.0;5.2;16.8
2022-11-11;1.0;17.0;4.6;16.8
2022-11-12;1.0;10.0;3.0;16.8
2022-11-13;1.0;13.0;4.0;16.9
2022-11-14;1.0;20.0;6.0;16.9
2022-11-15;1.0;21.0;4.0;17.1
2022-11-16;1.0;15.0;3.0;16.9
2022-11-17;1.0;19.0;4.0;16.9
2022-11-18;1.0;18.0;2.0;17.0
2022-11-19;1.0;18.0;6.0;17.2
2022-11-20;1.0;11.0;2.0;17.3
2022-11-21;1.0;19.0;4.0;17.2
2022-11-22;1.0;36.0;7.0;17.5
2022-11-23;1.0;23.0;5.0;17.6
2022-11-24;1.0;24.0;5.0;17.5
2022-11-25;1.0;17.0;4.0;17.6
2022-11-26;1.0;10.0;4.0;17.7
2022-11-27;1.0;6.0;2.0;17.6
2022-11-28;1.0;14.0;2.0;17.6
2022-11-29;1.0;14.0;3.0;17.7
2022-11-30;1.0;21.0;5.0;17.8
2022-12-01;1.0;19.0;5.0;17.7
2022-12-02;1.0;17.0;3.0;18.0
2022-12-03;1.0;19.0;6.0;18.0
2022-12-04;1.0;15.0;5.0;17.9
2022-12-05;1.0;20.0;7.0;17.9
2022-12-06;1.0;17.0;5.0;18.0
2022-12-07;1.0;14.0;5.0;18.0
2022-12-08;1.0;7.0;3.0;18.0
2022-12-09;1.0;14.0;4.0;18.1
2022-12-10;1.0;12.0;4.0;18.3
2022-12-11;1.0;8.0;2.0;18.1
2022-12-12;1.0;19.0;3.0;18.3
2022-12-13;1.0;21.0;5.0;18.7
2022-12-14;1.0;21.0;6.0;18.6
2022-12-15;1.0;19.0;7.0;18.6
2022-12-16;1.0;24.0;8.0;18.6
2022-12-17;1.0;21.0;6.0;18.8
2022-12-18;1.0;16.0;7.0;18.8
2022-12-19;1.0;23.0;6.0;18.8
2022-12-20;1.0;16.0;5.0;19.0
2022-12-21;1.0;16.0;6.0;18.9
2022-12-22;1.0;17.0;5.0;19.0
2022-12-23;1.0;18.0;5.0;19.1
2022-12-24;1.0;22.0;8.0;19.1
2022-12-25;1.0;24.0;7.0;19.3
2022-12-26;1.0;29.0;7.0;19.3
2022-12-27;1.0;21.0;7.0;19.4
2022-12-28;1.0;28.0;7.0;19.3
2022-12-29;1.0;22.0;8.0;19.4
2022-12-30;1.0;16.0;6.0;19.6
2022-12-31;1.0;18.0;6.0;19.6
2023-01-01;1.0;31.0;17.0;19.7
2023-01-02;1.0;17.0;7.0;19.6
2023-01-03;1.0;24.0;7.0;19.7
2023-01-04;1.0;26.0;9.0;19.7
2023-01-05;1.0;33.0;9.0;19.9
2023-01-06;1.0;18.0;5.0;20.0
2023-01-07;1.0;22.0;5.0;19.9
2023-01-08;1.0;13.0;4.0;20.0
2023-01-09;1.0;14.0;4.0;19.9
2023-01-10;1.0;19.0;5.0;20.0
2023-01-11;1.0;13.0;3.0;19.9
2023-01-12;1.0;20.0;5.0;19.9
2023-01-13;1.0;25.0;6.0;20.0
2023-01-14;1.0;20.0;7.0;20.1
2023-01-15;1.0;17.0;6.0;20.2
2023-01-16;1.0;17.0;5.0;20.3
2023-01-17;1.0;17.0;5.0;20.5
2023-01-18;1.0;19.0;5.0;20.4
2023-01-19;1.0;16.0;5.0;20.3
2023-01-20;1.0;17.0;5.0;20.3
2023-01-21;1.0;22.0;6.0;20.3
2023-01-22;1.0;21.0;5.0;20.3
2023-01-23;1.0;28.0;8.0;20.3
2023-01-24;1.0;21.0;6.0;20.4
2023-01-25;1.0;21.0;4.0;20.3
2023-01-26;1.0;19.0;4.0;20.3
2023-01-27;1.0;25.0;7.0;20.2
2023-01-28;1.0;16.0;4.0;20.4
2023-01-29;1.0;15.0;4.0;20.6
2023-01-30;1.0;22.0;6.0;20.5
2023-01-31;1.0;20.0;5.0;20.3
2023-02-01;1.0;18.0;4.0;20.4
2023-02-02;1.0;17.0;4.0;20.3
2023-02-03;1.0;14.0;4.0;20.2
2023-02-04;1.0;13.0;2.0;20.2
2023-02-05;1.0;16.0;3.0;20.3
2023-02-06;1.0;13.0;4.0;20.4
2023-02-07;1.0;19.0;6.0;20.2
2023-02-08;1.0;18.0;5.0;20.2
2023-02-09;1.0;19.0;9.0;20.2
2023-02-10;1.0;15.0;7.0;20.3
2023-02-11;1.0;20.0;9.0;20.3
2023-02-12;1.0;26.0;14.0;20.2
2023-02-13;1.0;35.0;15.0;20.3
2023-02-14;1.0;26.0;9.0;20.3
2023-02-15;1.0;35.0;9.0;20.3
2023-02-16;1.0;25.0;8.0;20.2
2023-02-17;1.0;25.051449953227316;8.680018850141376;20.1
2023-02-18;1.0;19.0;5.0;20.2
2023-02-19;1.0;17.0;4.0;20.1
2023-02-20;1.0;10.0;1.0;20.2
2023-02-21;1.0;11.0;4.0;20.1
2023-02-22;1.0;20.0;5.0;20.1
2023-02-23;1.0;26.0;7.0;20.0
2023-02-24;1.0;20.0;6.0;20.0
2023-02-25;1.0;14.0;4.0;20.0
2023-02-26;1.0;16.0;5.0;20.0
2023-02-27;1.0;25.0;7.0;20.0
2023-02-28;1.0;26.0;9.0;19.8
2023-03-01;1.0;26.0;9.0;19.7
2023-03-02;1.01;22.0;8.0;19.6
2023-03-03;1.0;30.0;8.0;19.8
2023-03-04;1.0;24.0;7.0;19.8
2023-03-05;1.0;20.0;5.0;19.8
2023-03-06;1.01;25.0;6.0;19.8
2023-03-07;1.01;25.0;6.0;19.7
2023-03-08;1.06;28.0;7.0;19.6
2023-03-09;1.04;30.0;7.0;19.5
2023-03-10;1.01;26.0;6.0;19.4
2023-03-11;1.01;17.0;4.0;19.4
2023-03-12;1.0;13.0;4.0;19.5
2023-03-13;1.01;29.0;7.0;19.4
2023-03-14;1.01;27.0;7.0;19.2
2023-03-15;1.0;16.0;4.0;19.2
2023-03-16;1.01;24.0;5.0;19.2
2023-03-17;1.01;18.0;6.4;19.0
2023-03-18;1.01;12.0;4.6;19.0
2023-03-19;1.0;14.0;5.4;19.0
2023-03-20;1.02;30.0;9.5;18.8
2023-03-21;1.0;16.0;5.0;18.9
2023-03-22;1.0;12.0;4.0;18.7
2023-03-23;1.0;14.0;6.0;18.6
2023-03-24;1.0;18.0;8.0;18.7
2023-03-25;1.0;21.0;8.0;18.6
2023-03-26;1.0;17.0;9.0;18.4
2023-03-27;1.0;26.0;9.0;18.5
2023-03-28;1.0;27.6;10.0;18.3
2023-03-29;1.0;27.6;10.0;18.3
2023-03-30;1.0;25.3;7.0;18.2
2023-03-31;1.0;27.6;10.0;18.2
2023-04-01;1.0;28.0;9.0;18.3
2023-04-02;1.0;14.0;5.0;18.3
2023-04-03;1.0;17.0;7.0;18.2
2023-04-04;1.0;21.0;8.0;17.9
2023-04-05;1.0;23.0;9.0;17.8
2023-04-06;1.0;25.0;10.0;17.8
2023-04-07;1.0;23.0;9.0;17.7
2023-04-08;1.0;26.0;11.0;17.7
2023-04-09;1.0;24.0;10.0;17.7
2023-04-10;1.0;25.0;9.0;17.6
2023-04-11;1.01;20.0;8.0;17.4
2023-04-12;1.0;25.0;9.0;17.3
2023-04-13;1.0;24.0;9.0;17.4
2023-04-14;1.0;18.0;7.0;17.3
2023-04-15;1.0;25.0;8.0;17.1
2023-04-16;1.0;20.0;8.0;17.1
2023-04-17;1.0;31.0;12.0;16.9
2023-04-18;1.0;37.0;12.0;17.1
2023-04-19;1.0;43.0;13.0;17.0
2023-04-20;1.0;47.0;17.0;16.8
2023-04-21;1.0;33.0;13.0;16.7
2023-04-22;1.0;24.0;11.0;16.7
2023-04-23;1.0;29.0;11.0;16.7
2023-04-24;1.0;41.0;11.0;16.9
2023-04-25;1.0;32.0;10.0;16.7
2023-04-26;1.0;30.0;12.0;16.3
2023-04-27;1.0;29.0;13.0;16.4
2023-04-28;1.0;23.0;11.0;16.2
2023-04-29;1.0;26.0;14.0;16.5
2023-04-30;1.0;23.0;10.0;16.2
2023-05-01;1.0;31.0;11.0;16.2
2023-05-02;1.0;27.0;11.0;16.0
2023-05-03;1.0;25.0;10.0;16.1
2023-05-04;1.0;28.0;12.0;16.2
2023-05-05;1.0;29.0;11.0;16.2
2023-05-06;1.0;37.0;15.0;16.2
2023-05-07;1.0;35.0;13.0;16.2
2023-05-08;1.0;40.0;15.0;15.9
2023-05-09;1.0;31.0;15.0;15.9
2023-05-10;1.0;47.0;22.0;15.8
2023-05-11;1.0;50.0;23.0;15.9
2023-05-12;1.0;54.0;22.0;16.0
2023-05-13;1.0;33.0;16.0;16.0
2023-05-14;1.0;36.0;15.0;16.0
2023-05-15;1.0;43.0;14.0;15.8
2023-05-16;1.0;30.0;11.0;15.7
2023-05-17;1.01;38.0;11.0;15.6
2023-05-18;1.0;37.0;8.0;15.6
2023-05-19;1.0;24.0;9.0;15.6
2023-05-20;1.0;28.0;11.0;15.5
2023-05-21;1.0;29.0;10.0;15.0
2023-05-22;1.0;32.0;13.0;15.0
2023-05-23;1.0;30.0;14.0;15.1
2023-05-24;1.0;39.0;10.0;15.1
2023-05-25;1.0;39.0;11.0;15.2
2023-05-26;1.0;45.0;13.0;15.2
2023-05-27;1.0;36.0;12.0;15.1
2023-05-28;1.0;35.0;15.0;15.2
2023-05-29;1.0;44.0;19.0;15.2
2023-05-30;1.0;39.0;18.0;15.1
2023-05-31;1.0;31.0;14.0;14.9
2023-06-01;1.0;49.0;19.0;14.9
2023-06-02;1.0;51.0;19.0;14.9
2023-06-03;1.0;45.0;17.0;15.0
2023-06-04;1.0;42.0;19.0;14.9
2023-06-05;1.0;49.0;19.0;14.8
2023-06-06;1.0;48.0;21.0;14.6
2023-06-07;1.0;50.0;20.0;14.6
2023-06-08;1.0;44.0;19.0;14.5
2023-06-09;1.0;34.0;11.0;14.4
2023-06-10;1.0;25.0;8.0;14.7
2023-06-11;1.0;25.0;8.0;14.8
2023-06-12;1.0;26.0;9.0;14.7
2023-06-13;1.0;27.0;9.0;14.5
2023-06-14;1.0;43.0;11.0;14.6
2023-06-15;1.0;42.0;13.0;14.5
2023-06-16;1.0;57.0;24.0;14.5
2023-06-17;1.0;37.0;15.0;14.5
2023-06-18;1.0;26.0;13.0;14.5
2023-06-19;1.0;32.0;12.0;14.2
2023-06-20;1.0;30.0;10.0;14.3
2023-06-21;1.0;26.0;11.0;14.1
2023-06-22;1.0;23.0;11.0;14.2
2023-06-23;1.0;25.0;11.0;14.5
2023-06-24;1.0;24.0;12.0;14.2
2023-06-25;1.0;26.0;12.0;14.3
2023-06-26;1.0;23.0;11.0;14.4
2023-06-27;1.0;31.0;12.0;14.1
2023-06-28;1.0;29.0;10.0;14.2
2023-06-29;1.0;37.0;15.0;14.1
2023-06-30;1.0;44.0;18.0;14.0
2023-07-01;1.0;36.0;14.0;14.1
2023-07-02;1.0;39.0;15.0;14.0
2023-07-03;1.0;42.0;16.0;14.1
2023-07-04;1.0;36.0;13.0;14.2
2023-07-05;1.0;34.0;12.0;14.0
2023-07-06;1.0;38.0;12.0;14.1
2023-07-07;1.0;34.0;13.0;14.0
2023-07-08;1.0;22.0;8.0;14.1
2023-07-09;1.0;19.0;8.0;14.0
2023-07-10;1.0;28.0;8.0;13.9
2023-07-11;1.0;22.0;8.0;13.9
2023-07-12;1.0;36.0;9.0;13.9
2023-07-13;1.0;42.0;12.0;13.9
2023-07-14;1.0;37.0;14.0;14.0
2023-07-15;1.0;29.0;12.0;13.8
2023-07-16;1.0;28.0;15.0;13.6
2023-07-17;1.0;31.0;13.0;13.6
2023-07-18;1.0;34.0;12.0;13.5
2023-07-19;1.0;42.0;20.0;13.6
2023-07-20;1.0;37.0;18.0;13.9
2023-07-21;1.0;30.0;16.0;14.0
2023-07-22;1.0;28.0;11.0;13.8
2023-07-23;1.0;24.0;11.0;13.6
2023-07-24;1.0;23.0;8.0;13.7
2023-07-25;1.0;17.0;8.0;13.6
2023-07-26;1.0;25.0;9.0;13.7
2023-07-27;1.0;20.0;7.0;13.7
2023-07-28;1.0;26.0;10.0;13.6
2023-07-29;1.0;23.0;10.0;13.6
2023-07-30;1.0;30.0;12.0;13.8
2023-07-31;1.0;37.0;16.0;13.8
2023-08-01;1.0;28.0;12.0;13.8
2023-08-02;1.0;35.0;14.0;13.8
2023-08-03;1.0;29.0;14.0;13.9
2023-08-04;1.0;33.0;16.0;14.0
2023-08-05;1.0;29.0;15.0;14.0
2023-08-06;1.0;33.0;13.0;14.1
2023-08-07;1.0;30.0;11.0;14.0
2023-08-08;1.0;27.0;9.0;14.2
2023-08-09;1.0;23.0;11.0;13.9
2023-08-10;1.0;22.0;9.0;14.1
2023-08-11;1.0;33.0;12.0;14.2
2023-08-12;1.0;27.0;11.0;14.1
2023-08-13;1.0;23.0;10.0;14.0
2023-08-14;1.0;21.0;10.0;14.1
2023-08-15;1.0;18.0;8.0;13.9
2023-08-16;1.02;28.0;11.0;14.2
2023-08-17;1.0;26.0;10.0;14.0
2023-08-18;1.0;27.0;9.0;14.1
2023-08-19;1.0;44.0;13.0;14.1
2023-08-20;1.0;29.0;13.0;13.9
2023-08-21;1.0;32.0;13.0;14.0
2023-08-22;1.0;34.0;13.0;14.1
2023-08-23;1.0;30.0;10.0;14.1
2023-08-24;1.0;23.0;8.0;14.1
2023-08-25;1.0;27.0;9.0;14.2
2023-08-26;1.0;33.0;12.0;14.1
2023-08-27;1.0;37.0;16.0;14.3
2023-08-28;1.0;36.0;18.0;14.2
2023-08-29;1.0;34.0;14.0;14.4
2023-08-30;1.0;37.0;13.0;14.5
2023-08-31;1.0;33.0;12.0;14.3
2023-09-01;1.0;36.0;12.0;14.3
2023-09-02;1.0;32.0;13.0;14.4
2023-09-03;1.0;28.0;9.0;14.3
2023-09-04;1.0;34.0;9.0;14.3
2023-09-05;1.0;39.0;13.0;14.3
2023-09-06;1.0;29.0;9.0;14.4
2023-09-07;1.0;20.0;6.0;14.5
2023-09-08;1.0;27.0;10.0;14.5
2023-09-09;1.0;40.0;12.0;14.5
2023-09-10;1.0;36.0;12.0;14.5
2023-09-11;1.0;32.0;10.0;14.4
2023-09-12;1.0;44.0;12.0;14.4
2023-09-13;1.0;59.0;15.0;14.4
2023-09-14;1.01;49.0;16.0;14.3
2023-09-15;1.0;38.0;14.0;14.5
2023-09-16;1.0;25.0;12.0;14.5
2023-09-17;1.0;24.0;12.0;14.5
2023-09-18;1.0;20.0;10.0;14.5
2023-09-19;1.0;18.0;11.0;14.5
2023-09-20;1.0;14.0;9.0;14.6
2023-09-21;1.0;14.0;8.0;14.8
2023-09-22;1.0;23.0;10.0;14.8
2023-09-23;1.0;12.0;8.0;14.8
2023-09-24;1.0;8.0;7.0;14.8
2023-09-25;1.0;15.0;10.0;14.8
2023-09-26;1.0;28.0;10.0;14.9
2023-09-27;1.0;23.0;9.0;14.9
2023-09-28;1.0;23.0;10.0;14.9
2023-09-29;1.0;23.0;10.0;14.9
2023-09-30;1.0;25.0;13.0;15.1
2023-10-01;1.0;26.0;12.0;14.9
2023-10-02;1.0;19.0;8.0;14.9
2023-10-03;1.0;16.0;7.0;15.0
2023-10-04;1.0;22.0;8.0;15.1
2023-10-05;1.0;25.051449953227316;8.680018850141376;15.1
2023-10-06;1.0;25.051449953227316;8.680018850141376;15.3
2023-10-07;1.0;25.051449953227316;8.680018850141376;15.2
2023-10-08;1.0;21.0;9.0;15.3
2023-10-09;1.0;21.0;9.0;15.3
2023-10-10;1.0;19.0;9.0;15.4
2023-10-11;1.0;20.0;8.0;15.3
2023-10-12;1.0;25.0;11.0;15.3
2023-10-13;1.0;24.0;13.0;15.5
2023-10-14;1.0;19.0;11.0;15.5
2023-10-15;1.0;18.0;10.0;15.5
2023-10-16;1.0;21.0;11.0;15.4
2023-10-17;1.0;25.0;13.0;15.4
2023-10-18;1.0;26.0;9.0;15.5
2023-10-19;1.0;27.0;9.0;15.5
2023-10-20;1.0;27.0;11.0;15.7
2023-10-21;1.0;20.0;8.0;15.6
2023-10-22;1.0;24.0;8.0;15.8
2023-10-23;1.0;17.0;7.0;15.7
2023-10-24;1.0;20.0;7.0;15.8
2023-10-25;1.0;17.0;7.0;15.8
2023-10-26;1.0;20.0;10.0;16.0
2023-10-27;1.0;25.0;9.0;16.0
2023-10-28;1.0;21.0;7.0;16.1
2023-10-29;1.0;27.0;8.0;16.2
2023-10-30;1.0;31.0;10.0;16.2
2023-10-31;1.0;31.0;10.0;16.2
2023-11-01;1.0;21.0;10.0;16.3
2023-11-02;1.0;26.0;8.0;16.3
2023-11-03;1.0;34.0;11.0;16.4
2023-11-04;1.0;23.0;9.0;16.4
2023-11-05;1.0;18.0;8.0;16.4
2023-11-06;1.0;21.0;7.0;16.5
2023-11-07;1.0;16.0;5.0;16.6
2023-11-08;1.0;26.0;7.0;16.8
2023-11-09;1.0;29.0;8.0;16.8
2023-11-10;1.0;34.0;7.0;16.9
2023-11-11;1.0;17.0;6.0;16.8
2023-11-12;1.0;19.0;5.0;16.8
2023-11-13;1.0;30.0;6.0;16.9
2023-11-14;1.0;22.0;6.0;16.9
2023-11-15;1.0;20.0;6.0;17.1
2023-11-16;1.0;26.0;8.0;16.9
2023-11-17;1.0;21.0;7.0;16.9
2023-11-18;1.0;21.0;6.0;17.0
2023-11-19;1.0;18.0;9.0;17.2
2023-11-20;1.0;13.0;5.0;17.4
2023-11-21;1.0;16.0;5.0;17.2
2023-11-22;1.0;15.0;5.0;17.5
2023-11-23;1.0;18.0;5.0;17.6
2023-11-24;1.0;17.0;7.0;17.5
2023-11-25;1.0;14.0;5.0;17.6
2023-11-26;1.0;11.0;5.0;17.7
2023-11-27;1.0;19.0;7.0;17.6
2023-11-28;1.0;14.0;5.0;17.6
2023-11-29;1.0;13.0;4.0;17.7
2023-11-30;1.0;11.0;4.0;17.8
2023-12-01;1.0;19.0;5.0;17.7
2023-12-02;1.0;18.0;4.0;18.0
2023-12-03;1.0;14.0;6.0;17.9
2023-12-04;1.0;19.0;7.0;17.9
2023-12-05;1.0;17.0;6.0;17.9
2023-12-06;1.0;20.0;7.0;18.0
2023-12-07;1.0;15.0;7.0;18.0
2023-12-08;1.0;15.0;7.0;18.0
2023-12-09;1.0;10.0;6.0;18.1
2023-12-10;1.0;10.0;6.0;18.3
2023-12-11;1.0;21.0;8.0;18.1
2023-12-12;1.0;22.0;8.0;18.3
2023-12-13;1.0;19.0;7.0;18.7
2023-12-14;1.0;23.0;7.0;18.6
2023-12-15;1.0;18.0;5.0;18.6
2023-12-16;1.0;14.0;4.0;18.6
2023-12-17;1.0;17.0;3.0;18.9
2023-12-18;1.0;14.0;3.0;18.8
2023-12-19;1.0;20.0;5.0;18.9
2023-12-20;1.0;14.0;3.0;19.0
2023-12-21;1.0;14.0;5.0;18.9
2023-12-22;1.0;12.0;4.0;19.0
2023-12-23;1.0;9.0;4.0;19.1
2023-12-24;1.0;11.0;5.0;19.1
2023-12-25;1.0;11.0;5.0;19.3
2023-12-26;1.0;13.0;5.0;19.4
2023-12-27;1.0;16.0;4.0;19.3
2023-12-28;1.0;16.0;5.0;19.3
2023-12-29;1.0;15.0;5.0;19.4
2023-12-30;1.0;12.0;2.0;19.6
2023-12-31;1.0;15.0;9.0;19.6
